Name,ViewUrl,HomeUrl,Description,DescriptionSourceUrl,Author,ForumUrl,IssuesUrl,EmailAddress,DonateUrl
280 Blocker,https://70i.net/files/70i_net_adblock.txt,https://70i.net/,Blocks Japanese regional mobile advertisements and trackers.,,,,,,
AakList (Anti-Adblock Killer),https://raw.githubusercontent.com/reek/anti-adblock-killer/master/anti-adblock-killer-filters.txt,https://github.com/reek/anti-adblock-killer/,"Helps you keep your Ad-Blocker active, when you visit a website and it asks you to disable. Composed of a user script «AakScript» written in javascript and a filter list «AakList» using the same syntax as lists AdBlock and AdBlock Plus, the two are complementary and unlock different website.",https://github.com/reek/anti-adblock-killer/,,,https://github.com/reek/anti-adblock-killer/issues,,https://github.com/reek/anti-adblock-killer/#donate
ABP Japanese 3rd Party SNS Filters,https://raw.githubusercontent.com/k2jp/abp-japanese-filters/master/abpjf_3rd_party_sns.txt,https://github.com/k2jp/abp-japanese-filters,Blocks Japanese regional social network advertisements and trackers.,,,,https://github.com/k2jp/abp-japanese-filters/issues,,
ABP Japanese Element-hiding Filters,https://raw.githubusercontent.com/k2jp/abp-japanese-filters/master/abpjf_element_hiding.txt,https://github.com/k2jp/abp-japanese-filters,Blocks irritating elements on Japanese regional webpages.,,,,https://github.com/k2jp/abp-japanese-filters/issues,,
ABP Japanese Filters,https://raw.githubusercontent.com/k2jp/abp-japanese-filters/master/abpjf.txt,https://github.com/k2jp/abp-japanese-filters,Blocks Japanese regional advertisements and trackers.,,,,https://github.com/k2jp/abp-japanese-filters/issues,,
ABP Japanese Paranoid Filters,https://raw.githubusercontent.com/k2jp/abp-japanese-filters/master/abpjf_paranoid.txt,https://github.com/k2jp/abp-japanese-filters,Blocks Japanese regional advertisements and trackers.,,,,https://github.com/k2jp/abp-japanese-filters/issues,,
ABP X Files,http://noads.it/filtri.txt,http://noads.it/,"Specific for Italian websites but with an eye also to the most visited international, is the main form and the list officially recognized (for Italy), perfectly compatible with AdBlock Plus.",https://github.com/gioxx/xfiles,,https://abpxfiles.uservoice.com/,https://github.com/gioxx/xfiles/issues,,https://paypal.me/gioxx/5
ABPindo,https://raw.githubusercontent.com/heradhis/indonesianadblockrules/master/subscriptions/abpindo.txt,http://abpindo.blogspot.com/,ABPindo is an affiliated filter list written by hermawan that specifically removes adverts on Indonesian language websites.,https://easylist.to/pages/other-supplementary-filter-lists-and-easylist-variants.html,,https://forums.lanik.us/viewforum.php?f=94,https://github.com/ABPindo/indonesianadblockrules/issues,,
ABPindo + EasyList,https://easylist-downloads.adblockplus.org/abpindo+easylist.txt,,"A list combining <a href=""https://filterlists.com/#ABPindo"">ABPindo</a> and <a href=""https://filterlists.com/#EasyList"">EasyList</a>.",,,,,,
ABPVN List,https://raw.githubusercontent.com/abpvn/abpvn/master/filter/abpvn.txt,https://abpvn.com,"The ABP advertising filter is built with the mission of improving the browsing experience for the vietnamese users. ABPVN may not help block all ads, but ABPVN will minimize the appearance of ads on most websites in Vietnam.",https://abpvn.com,,http://www.vn-zoom.com/f77/abp-bo-loc-quang-cao-cho-nguoi-viet-2856275.html,,support@abpvn.com,https://abpvn.com/napthe
abuse.ch Feodo BadIP Blocklist,https://feodotracker.abuse.ch/blocklist/?download=badips,https://feodotracker.abuse.ch/blocklist/,"The Feodo Tracker Feodo BadIP Blocklist only contains IP addresses (IPv4) used as C&C communication channel by the Feodo Trojan version B. These IP addresses are usually servers rented by cybercriminals directly and used for the exclusive purpose of hosting a Feodo C&C server. Hence you should expect no legit traffic to those IP addresses. I highly recommend you to block/drop any traffic towards any Feodo C&C using the Feodo BadIP Blocklist. Please consider that this blocklist only contains IP addresses used by version B of the Feodo Trojan. C&C communication channels used by version A, version C and version D are not covered by this blocklist.",https://feodotracker.abuse.ch/blocklist/,,,,contactme@abuse.ch,
abuse.ch Feodo Domain Blocklist,https://feodotracker.abuse.ch/blocklist/?download=domainblocklist,https://feodotracker.abuse.ch/blocklist/,"The Feodo Tracker Feodo Domain Blocklist contains domain names (FQDN) used as C&C communication channel by the Feodo Trojan. These domains names are usually registered and operated by cybercriminals for the exclusive purpose of hosting a Feodo botnet controller. Hence you should expect no legit traffic to those domains. I highly recommend you to block/drop any traffic towards any Feodo C&C domain by using the Feodo Domain Blocklist. Please consider that domain names are usually only used by version B of the Feodo Trojan. C&C communication channels used by version A, version C and version D are not covered by this blocklist.",https://feodotracker.abuse.ch/blocklist/,,,,contactme@abuse.ch,
abuse.ch Feodo IP Blocklist,https://feodotracker.abuse.ch/blocklist/?download=ipblocklist,https://feodotracker.abuse.ch/blocklist/,"The Feodo Tracker Feodo IP Blocklist contains IP addresses (IPv4) used as C&C communication channel by the Feodo Trojan. This lists contains two types of IP address: Feodo C&C servers used by version A, version C and version D of the Feodo Trojan (these IP addresses are usually compromised servers running an nginx daemon on port 8080 TCP or 7779 TCP that is acting as proxy, forwarding all traffic to a tier 2 proxy node) and Feodo C&C servers used by version B which are usually used for the exclusive purpose of hosting a Feodo C&C server. Attention: Since Feodo C&C servers associated with version A, version C and version D are usually hosted on compromised servers, its likely that you also block/drop legit traffic e.g. towards websites hosted on a certain IP address acting as Feodo C&C for version A, version C and version D. If you only want to block/drop traffic to Feodo C&C servers hosted on bad IPs (version B), please use the blocklist BadIPs documented below.",https://feodotracker.abuse.ch/blocklist/,,,,contactme@abuse.ch,
abuse.ch ZeuS Compromised URL Blocklist,https://zeustracker.abuse.ch/blocklist.php?download=compromised,https://zeustracker.abuse.ch/blocklist.php,This blocklist only contains compromised / hijacked websites (level 2) which are being abused by cybercriminals to host a ZeuS botnet controller.,https://zeustracker.abuse.ch/blocklist.php,,,,contactme@abuse.ch,https://zeustracker.abuse.ch/faq.php
abuse.ch ZeuS Domain Blocklist,https://zeustracker.abuse.ch/blocklist.php?download=domainblocklist,https://zeustracker.abuse.ch/blocklist.php,This blocklist contains all domain names associated with ZeuS C&Cs which are currently being tracked by ZeuS Tracker.,https://zeustracker.abuse.ch/blocklist.php,,,,contactme@abuse.ch,https://zeustracker.abuse.ch/faq.php
"abuse.ch ZeuS Domain Blocklist ""BadDomains""",https://zeustracker.abuse.ch/blocklist.php?download=baddomains,https://zeustracker.abuse.ch/blocklist.php,The ZeuS domain blocklist (BadDomains) is the recommended blocklist if you want to block only ZeuS domain names. It excludes domain names that ZeuS Tracker believes to be hijacked (level 2).,https://zeustracker.abuse.ch/blocklist.php,,,,contactme@abuse.ch,https://zeustracker.abuse.ch/faq.php
abuse.ch ZeuS IP Blocklist,https://zeustracker.abuse.ch/blocklist.php?download=ipblocklist,https://zeustracker.abuse.ch/blocklist.php,This blocklist contains all IPv4 addresses associated with ZeuS C&Cswhich are currently being tracked by ZeuS Tracker.,https://zeustracker.abuse.ch/blocklist.php,,,,contactme@abuse.ch,https://zeustracker.abuse.ch/faq.php
"abuse.ch ZeuS IP Blocklist ""BadIPs""",https://zeustracker.abuse.ch/blocklist.php?download=badips,https://zeustracker.abuse.ch/blocklist.php,This blocklists only includes IPv4 addresses that are used by the ZeuS trojan. It is the recommened blocklist if you want to block only ZeuS IPs. It excludes IP addresses that ZeuS Tracker believes to be hijacked (level 2) or belong to a free web hosting provider (level 3).,https://zeustracker.abuse.ch/blocklist.php,,,,contactme@abuse.ch,https://zeustracker.abuse.ch/faq.php
Acceptable Ads,https://easylist-downloads.adblockplus.org/exceptionrules.txt,https://acceptableads.com/,Allow non-intrusive advertising.,https://easylist-downloads.adblockplus.org/exceptionrules.txt,,,,info@eyeo.com,
AdAway,https://adaway.org/hosts.txt,https://adaway.org/,Blocking mobile ad providers and some analytics providers.,https://adaway.org/hosts.txt,,http://forum.xda-developers.com/showthread.php?t=2190753,https://github.com/AdAway/AdAway/issues,,https://www.paypal.com/cgi-bin/webscr?cmd=_donations&business=dominik%40sufficientlysecure.org&lc=US&item_name=AdAway%20Donation&no_note=0&no_shipping=1&currency_code=EUR
AdAway Blocking Hosts File for Japan,https://sites.google.com/site/logroid/files/hosts.txt,https://logroid.blogspot.com/,Blocks Japanese regional advertisements and trackers.,,,,,,
Adblock & uBlock Polish Cookies Filters,https://raw.githubusercontent.com/MajkiIT/polish-ads-filter/master/cookies_filters/adblock_cookies.txt,http://www.certyficate.it/,Filters Polish cookie messages in Adblock and uBlock.,,,,https://github.com/MajkiIT/polish-ads-filter/issues,errors@certyficate.it,
Adblock & uBlock Polish Filters,https://raw.githubusercontent.com/MajkiIT/polish-ads-filter/master/polish-adblock-filters/adblock.txt,http://www.certyficate.it/,"Presented here filter set was created for Polish internet users. Contains a list of elements of advertising, such as banners or flash animations, the most commonly used on Polish websites.",http://www.certyficate.it/polski-filtr-adblock/,,,https://github.com/MajkiIT/polish-ads-filter/issues,errors@certyficate.it,
Adblock Filters by Gurud.ee,http://gurud.ee/ab.txt,http://gurud.ee/veeb/adblock,Blocks Estonian regional advertisements and trackers.,,,,,adblock@gurud.ee,
Adblock Iran,https://raw.githubusercontent.com/farrokhi/adblock-iran/master/filter.txt,https://github.com/farrokhi/adblock-iran,Ad blocking rules for Iranian/Persian websites.,https://github.com/farrokhi/adblock-iran,,,https://github.com/farrokhi/adblock-iran/issues,,
Adblock Korea,https://web.archive.org/web/20130615155938/http://adblock-korea.googlecode.com/git/adblock-korea.txt,https://code.google.com/archive/p/adblock-korea/,Blocks Korean regional advertisements and trackers.,,,,,,
Adblock List for Finland,http://adb.juvander.net/Finland_adb.txt,https://www.juvander.fi/site/ilpo/Home/tabid/127/EntryId/825/New-Adblock-filter-list.aspx,Blocks Finnish regional advertisements and trackers.,,,https://www.juvander.fi/site/ilpo/Forums/tabid/139/forumid/23/scope/threads/Default.aspx,,,
Adblock Persian List,https://ideone.com/plain/K452p,https://ideone.com/K452p,Blocks Persian regional advertisements and trackers.,,,https://adblockplus.org/forum/viewtopic.php?f=2&t=7658,,,
Adblock Polish Social Rules,https://raw.githubusercontent.com/MajkiIT/polish-ads-filter/master/adblock_social_filters/adblock_social_list.txt,http://www.certyficate.it/,Blocks Polish regional social network advertisements and trackers.,,,,https://github.com/MajkiIT/polish-ads-filter/issues,errors@certyficate.it,
Adblock Polska,https://raw.githubusercontent.com/adblockpolska/Adblock_PL_List/master/adblock_polska.txt,https://www.facebook.com/adblockpl,Adblock PL is official Poland filter list for AdBlock and Adblock Plus.,https://github.com/adblockpolska/Adblock_PL_List,,,https://github.com/adblockpolska/Adblock_PL_List/issues,adblockpolska@gmail.com,
Adblock Warning Removal List,https://easylist-downloads.adblockplus.org/antiadblockfilters.txt,https://easylist.to/,The Adblock Warning Removal List specifically removes obtrusive messages and warnings targeted to users who use an adblocker.,https://easylist.to/pages/other-supplementary-filter-lists-and-easylist-variants.html,,https://forums.lanik.us/,,easylist.subscription+anti@gmail.com,
Adblock YouTube Ads,https://raw.githubusercontent.com/kbinani/adblock-youtube-ads/master/signed.txt,https://github.com/kbinani/adblock-youtube-ads,Blocks ads on YouTube.,,,,,,
add.2o7Net,https://raw.githubusercontent.com/FadeMind/hosts.extras/master/add.2o7Net/hosts,https://github.com/FadeMind/hosts.extras,"2o7Net tracking sites based on <a href=""https://filterlists.com/#BadHosts"">BadHosts</a> content.",https://github.com/StevenBlack/hosts,,,https://github.com/FadeMind/hosts.extras/issues,,
add.Dead,https://raw.githubusercontent.com/FadeMind/hosts.extras/master/add.Dead/hosts,https://github.com/FadeMind/hosts.extras,"Dead sites based on <a href=""https://filterlists.com/#BadHosts"">BadHosts</a> content.",https://github.com/StevenBlack/hosts,,,https://github.com/FadeMind/hosts.extras/issues,,
add.Risk,https://raw.githubusercontent.com/FadeMind/hosts.extras/master/add.Risk/hosts,https://github.com/FadeMind/hosts.extras,"Risk content sites based on <a href=""https://filterlists.com/#BadHosts"">BadHosts</a> content.",https://github.com/StevenBlack/hosts,,,https://github.com/FadeMind/hosts.extras/issues,,
add.Spam,https://raw.githubusercontent.com/FadeMind/hosts.extras/master/add.Spam/hosts,https://github.com/FadeMind/hosts.extras,"Spam sites based on <a href=""https://filterlists.com/#BadHosts"">BadHosts</a> content.",https://github.com/StevenBlack/hosts,,,https://github.com/FadeMind/hosts.extras/issues,,
Additional Adblock Rules,https://dl.dropboxusercontent.com/s/1ybzw9lb7m1qiyl/AAs.txt,https://dl.dropboxusercontent.com/s/1ybzw9lb7m1qiyl/AAs.txt,"This is a general, mainly a Finnish list for blocking various elements on specific websites such as ads, cookie notifications and cosmetic annoyances.",https://dl.dropboxusercontent.com/s/1ybzw9lb7m1qiyl/AAs.txt,,,,,
Adguard Annoyances Filter,https://adguard.com/en/filter-rules.html?id=14,https://adguard.com/en/filters.html,"Blocks irritating elements on webpages, including cookie notices, third-party widgets and in-page popups (Doesnt include social media widgets and buttons, to block them you can still use Social media filter separately). It was inspired by Fanboy Annoyances List, but doesnt duplicate it, so you can use them both together.",https://adguard.com/en/filters.html,,https://forum.adguard.com/index.php?categories/filter-rules.66/,https://github.com/AdguardTeam/AdguardFilters/issues,,
Adguard DNS Filter,https://adguard.com/en/filter-rules.html?id=15,https://adguard.com/en/adguard-dns/overview.html,"It is an alternative, free way to block ads, trackers and phishing websites, and also a parental control instrument.",,,,,,
Adguard Dutch Filter,https://adguard.com/en/filter-rules.html?id=8,https://adguard.com/en/filters.html,Filter that enables removing of the ads from websites with Dutch content.,https://adguard.com/en/filters.html,,https://forum.adguard.com/index.php?categories/filter-rules.66/,https://github.com/AdguardTeam/AdguardFilters/issues,,
Adguard English Filter,https://adguard.com/en/filter-rules.html?id=2,https://adguard.com/en/filters.html,Filter that enables removing of the ads from websites with English content.,https://adguard.com/en/filters.html,,https://forum.adguard.com/index.php?categories/filter-rules.66/,https://github.com/AdguardTeam/AdguardFilters/issues,,
Adguard Experimental Filter,https://adguard.com/en/filter-rules.html?id=5,https://adguard.com/en/filters.html,Filter designed to test certain hazardous filtering rules before they are added to the basic filters.,https://adguard.com/en/filters.html,,https://forum.adguard.com/index.php?categories/filter-rules.66/,https://github.com/AdguardTeam/AdguardFilters/issues,,
Adguard German Filter,https://adguard.com/en/filter-rules.html?id=6,https://adguard.com/en/filters.html,Filter that enables removing of the ads from websites with German content.,https://adguard.com/en/filters.html,,https://forum.adguard.com/index.php?categories/filter-rules.66/,https://github.com/AdguardTeam/AdguardFilters/issues,,
Adguard Japanese Filter,https://adguard.com/en/filter-rules.html?id=7,https://adguard.com/en/filters.html,Filter that enables removing of the ads from websites in Japanese.,https://adguard.com/en/filters.html,,https://forum.adguard.com/index.php?categories/filter-rules.66/,https://github.com/AdguardTeam/AdguardFilters/issues,,
Adguard Mobile Ads Filter,https://adguard.com/en/filter-rules.html?id=11,https://adguard.com/en/filters.html,Filter that blocks ads on mobile devices. Contains all known mobile ad networks.,https://adguard.com/en/filters.html,,https://forum.adguard.com/index.php?categories/filter-rules.66/,https://github.com/AdguardTeam/AdguardFilters/issues,,
Adguard Russian Filter,https://adguard.com/en/filter-rules.html?id=1,https://adguard.com/en/filters.html,Filter that enables removing of the ads from websites in Russian.,https://adguard.com/en/filters.html,,https://forum.adguard.com/index.php?categories/filter-rules.66/,https://github.com/AdguardTeam/AdguardFilters/issues,,
Adguard Safari Filter,https://adguard.com/en/filter-rules.html?id=12,https://adguard.com/en/filters.html,Filter that blocks ads on iOS mobile devices in Safari browser. Contains all known mobile ad networks.,https://adguard.com/en/filters.html,,https://forum.adguard.com/index.php?categories/filter-rules.66/,https://github.com/AdguardTeam/AdguardFilters/issues,,
Adguard Social Media Filter,https://adguard.com/en/filter-rules.html?id=4,https://adguard.com/en/filters.html,"If you do not like numerous «Like» and «Tweet» buttons on all the popular websites on the Internet, subscribe to this filter, and you will not see them anymore.",https://adguard.com/en/filters.html,,https://forum.adguard.com/index.php?categories/filter-rules.66/,https://github.com/AdguardTeam/AdguardFilters/issues,,
Adguard Spanish/Portuguese Filter,https://adguard.com/en/filter-rules.html?id=9,https://adguard.com/en/filters.html,Filter that enables removing of the ads from websites in Spanish.,https://adguard.com/en/filters.html,,https://forum.adguard.com/index.php?categories/filter-rules.66/,https://github.com/AdguardTeam/AdguardFilters/issues,,
Adguard Spyware Filter,https://adguard.com/en/filter-rules.html?id=3,https://adguard.com/en/filters.html,"The most comprehensive list of various online counters and web analytics tools. If you do not want your actions on the Internet be tracked, use this filter.",https://adguard.com/en/filters.html,,https://forum.adguard.com/index.php?categories/filter-rules.66/,https://github.com/AdguardTeam/AdguardFilters/issues,,
Adguard Turkish Filter,https://adguard.com/en/filter-rules.html?id=13,https://adguard.com/en/filters.html,Filter that enables removing of the ads from websites with Turkish content.,https://adguard.com/en/filters.html,,https://forum.adguard.com/index.php?categories/filter-rules.66/,https://github.com/AdguardTeam/AdguardFilters/issues,,
Adguard Useful Ads Filter,https://adguard.com/en/filter-rules.html?id=10,https://adguard.com/en/filters.html,Filter that unblocks ads that may be useful to users. Advertising that falls under this filter shall comply with a set of rules.,https://adguard.com/en/filters.html,,https://forum.adguard.com/index.php?categories/filter-rules.66/,https://github.com/AdguardTeam/AdguardFilters/issues,,
Adware Filters,https://easylist-downloads.adblockplus.org/adwarefilters.txt,https://easylist.to/,Blocks ads injected by adware.,https://adblockplus.org/subscriptions,,https://forums.lanik.us/,,easylist.subscription@gmail.com,
AdZHosts,https://sourceforge.net/projects/adzhosts/files/HOSTS.txt/download,https://sourceforge.net/projects/adzhosts/,Its purpose is to prevent access to websites that broadcast the ad and block access to websites intrusive on your PC and your smartphone.,https://sourceforge.net/projects/adzhosts/,,https://sourceforge.net/p/adzhosts/discussion/general/,,adzhosts@gmail.com,
Airelle's Anti-Advertisements Hosts,http://rlwpx.free.fr/WPFF/hpub.7z,http://rlwpx.free.fr/WPFF/hosts.htm,"A hosts list blocking advertising sites. (Compressed, currently cannot be subscribed to/added.)",,,http://rlwpx.free.fr/Webforum/,,contact.wiki.airelle@spamgourmet.com,http://rlwpx.free.fr/WPFF/don.htm
Airelle's Anti-Miscellaneous Hosts,http://rlwpx.free.fr/WPFF/hmis.7z,http://rlwpx.free.fr/WPFF/hosts.htm,"A hosts list blocking miscellaneous annoyances. (Compressed, currently cannot be subscribed to/added.)",,,http://rlwpx.free.fr/Webforum/,,contact.wiki.airelle@spamgourmet.com,http://rlwpx.free.fr/WPFF/don.htm
Airelle's Anti-Sex Hosts,http://rlwpx.free.fr/WPFF/hsex.7z,http://rlwpx.free.fr/WPFF/hosts.htm,"A hosts list blocking adult/pornographic sites. (Compressed, currently cannot be subscribed to/added.)",,,http://rlwpx.free.fr/Webforum/,,contact.wiki.airelle@spamgourmet.com,http://rlwpx.free.fr/WPFF/don.htm
Airelle's Anti-Trackers Hosts,http://rlwpx.free.fr/WPFF/htrc.7z,http://rlwpx.free.fr/WPFF/hosts.htm,"A hosts list blocking tracking sites. (Compressed, currently cannot be subscribed to/added.)",,,http://rlwpx.free.fr/Webforum/,,contact.wiki.airelle@spamgourmet.com,http://rlwpx.free.fr/WPFF/don.htm
Airelle's Malware Hosts,http://rlwpx.free.fr/WPFF/hrsk.7z,http://rlwpx.free.fr/WPFF/hosts.htm,"A hosts list blocking malware sites. (Compressed, currently cannot be subscribed to/added.)",,,http://rlwpx.free.fr/Webforum/,,contact.wiki.airelle@spamgourmet.com,http://rlwpx.free.fr/WPFF/don.htm
Airelle's Phishing Hosts,http://rlwpx.free.fr/WPFF/hblc.7z,http://rlwpx.free.fr/WPFF/hosts.htm,"A hosts list blocking phishing sites. (Compressed, currently cannot be subscribed to/added.)",,,http://rlwpx.free.fr/Webforum/,,contact.wiki.airelle@spamgourmet.com,http://rlwpx.free.fr/WPFF/don.htm
Anti-Facebook List,https://fanboy.co.nz/fanboy-antifacebook.txt,https://fanboy.co.nz/,Blocks Facebook trackers.,,,,,,https://www.paypal.com/cgi-bin/webscr?cmd=_s-xclick&hosted_button_id=WMGE9MAGGGMHW
Anti-PopAds,https://raw.githubusercontent.com/Yhonay/antipopads/master/popads.txt,https://github.com/Yhonay/antipopads,"Blocks shady, annoying pop-under ads from the infamous PopAds ad network.",,,,https://github.com/Yhonay/antipopads/issues,,
AntiPubWeb,https://web.archive.org/web/20160221135532/http://www.antipubfirefox.org/antipub/antipubfirefox-adblocklist-current-expanded.txt,https://www.antipubweb.org/,Complementary subscription to Liste FR + EasyList.,https://web.archive.org/web/20160221135532/http://www.antipubfirefox.org/antipub/antipubfirefox-adblocklist-current-expanded.txt,,,,,
Ayucat Powerful List,http://git.sourceforge.jp/view?p=ayucat-list/ayucat-list.git;a=blob_plain;f=ayucat-list.txt;hb=b254c74c132832a3ade7b9d42c2ef8d3dd59fdb9,https://osdn.net/projects/ayucat-list/,"A list for Adblock Plus, which is one of the most famous ad blocking softwares.",https://osdn.net/projects/ayucat-list/,,,,,
Bad JAV Sites,https://pastebin.com/raw/kDqbYwWr,https://www.akiba-online.com/threads/fake-jav-ddl-sites-list.1560416/,The sites listed there a fake/malicious sites that lure people with fake direct-download-links to JAV videos.,,,https://www.akiba-online.com/threads/fake-jav-ddl-sites-list.1560416/,,,
BadHosts,http://www.hostsfile.org/Downloads/hosts.txt,http://www.hostsfile.org/hosts.html,"A non-comprehensive malware hosts list meant to be used in conjunction with the <a href=""http://www.hostsfile.org/pac.html"">King of the PAC</a> file.",,,,,,
Banki.ru Plus Adblock List,https://raw.githubusercontent.com/rebelion76/bankiru_plus_adblock_list/master/bankiru_plus.txt,https://github.com/rebelion76/bankiru_plus_adblock_list,"This is a list for blocking advertisements on banki.ru site which is not blocked by ""conventional"" list.",https://raw.githubusercontent.com/rebelion76/bankiru_plus_adblock_list/master/bankiru_plus.txt,,,https://github.com/rebelion76/bankiru_plus_adblock_list/issues,,
BarbBlock,https://raw.githubusercontent.com/paulgb/BarbBlock/master/BarbBlock.txt,https://github.com/paulgb/BarbBlock,Blocks requests to sites which have used legal threats to remove themselves from other blacklists.,https://raw.githubusercontent.com/paulgb/BarbBlock/master/BarbBlock.txt,,,https://github.com/paulgb/BarbBlock/issues,,
Better.fyi | Trackers (List),https://raw.githubusercontent.com/anarki999/Adblock-List-Archive/master/Better.fyiTrackersBlocklist.txt,https://github.com/anarki999/Adblock-List-Archive,Adblock filters for both Adblock PLUS and uBlock. It also includes some anti-adblocking rules to make your adblocking extension undetectable. The author manually add the track block rules from https://better.fyi/trackers/ since those rules are only for an iOS app only.,,,,https://github.com/anarki999/Adblock-List-Archive/issues,,
Block the EU Cookie Shit List,https://raw.githubusercontent.com/r4vi/block-the-eu-cookie-shit-list/master/filterlist.txt,https://github.com/r4vi/block-the-eu-cookie-shit-list,Adblock / Adblock plus filter list for blocking cookie notifications.,https://github.com/r4vi/block-the-eu-cookie-shit-list,,,https://github.com/r4vi/block-the-eu-cookie-shit-list/issues,,
Blockzilla,https://raw.githubusercontent.com/zpacman/Blockzilla/master/Blockzilla.txt,https://blockzilla.jimdo.com/,Blockzilla is an unbloated and slim list, being light on system resources, yet still powerful against ads and trackers.,https://github.com/zpacman/Blockzilla,,,https://github.com/zpacman/Blockzilla/issues
BLOGRAM Analysis Block Filter List for Japan,http://blogram.net/wp-content/uploads/easylist3.txt,http://blogram.net/2010/04/23/adblock/,Prevention behavior tracking by the site administrator.,http://blogram.net/2010/04/23/adblock/,,,,,
BLOGRAM Basic Filter List for Japan,http://blogram.net/wp-content/uploads/easylist2.txt,http://blogram.net/2010/04/23/adblock/,Block the DL itself of advertising.,http://blogram.net/2010/04/23/adblock/,,,,,
BLOGRAM Blog Parts Filter List for Japan,http://blogram.net/wp-content/uploads/easylist4.txt,http://blogram.net/2010/04/23/adblock/,Low spec for equipment extremists blocked.,http://blogram.net/2010/04/23/adblock/,,,,,
BLOGRAM Element Hiding Filter List for Japan,http://blogram.net/wp-content/uploads/easylist1.txt,http://blogram.net/2010/04/23/adblock/,Hide text ads by CSS.,http://blogram.net/2010/04/23/adblock/,,,,,
Bulgarian List,https://stanev.org/abp/adblock_bg.txt,https://stanev.org/abp/,"On this page you can find updated lists to block unwanted content in your favorite browser. With their help, the pesky ads that some sites terrorizing customers will be hidden.",https://stanev.org/abp/,,,,alex@stanev.org,
Bulgarian List + EasyList,https://easylist-downloads.adblockplus.org/bulgarian_list+easylist.txt,,"A list combining <a href=""https://filterlists.com/#BulgarianList"">Bulgarian List</a> and <a href=""https://filterlists.com/#EasyList"">EasyList</a>.",,,,,,
CAMELEON Hosts,http://sysctl.org/cameleon/hosts,http://sysctl.org/cameleon/,CAMELEON is a free system that helps Internet users or administrators to blocks web-adverts.,http://sysctl.org/cameleon/,,,,philippe@sysctl.org,
CJX's Annoyance List,https://raw.githubusercontent.com/cjx82630/cjxlist/master/cjx-annoyance.txt,http://abpchina.org/forum/forum.php?mod=viewthread&tid=29667,"Removes annoyances, self-promotion and privacy protection on Chinese websites.",https://raw.githubusercontent.com/cjx82630/cjxlist/master/cjx-annoyance.txt,,http://abpchina.org/forum/forum.php,https://github.com/cjx82630/cjxlist/issues,cjxlist@gmail.com,
Clickbait Blocklist,https://raw.githubusercontent.com/cpeterso/clickbait-blocklist/master/clickbait-blocklist.txt,https://github.com/cpeterso/clickbait-blocklist/,"Clickbait Blocklist just blocks the most annoying clickbait ads. I don't mind ads; I just don't want clickbait crap about shocking celebrity photos and ""deep searches"" for local singles.",https://github.com/cpeterso/clickbait-blocklist/,,,https://github.com/cpeterso/clickbait-blocklist/issues,,
Cookie Blocklist,https://www.eff.org/files/cookieblocklist.txt,https://www.eff.org/privacybadger,"EFF maintains a Privacy Badger ""yellowlist"" of domains for which requests are allowed but Privacy Badger restricts access or availability of objectionable cookies and potentially other objectionable identifiers.",https://github.com/EFForg/privacybadgerchrome/blob/master/doc/yellowlist-criteria.md,,,https://github.com/EFForg/privacybadgerfirefox/issues,,https://supporters.eff.org/donate/support-privacy-badger
Corset,https://web.archive.org/web/20110212174029/http://abp-corset.googlecode.com/hg/corset.txt,http://corset.tistory.com/,Corset is a subscription filter to block intruding ads on sites using Korean.,https://code.google.com/archive/p/abp-corset/,,,,corset@tistory.com,
Czech Filters for AdBlock,http://adblock.dajbych.net/adblock.txt,http://adblock.dajbych.net/,Czech filters for Adblock Plus.,http://adblock.dajbych.net/adblock.txt,,,,,
Dan Pollock's Hosts,http://someonewhocares.org/hosts/zero/hosts,http://someonewhocares.org/hosts/,"Use this file to prevent your computer from connecting to selected internet hosts. This is an easy and effective way to protect you from many types of spyware, reduces bandwidth use, blocks certain pop-up traps, prevents user tracking by way of ""web bugs"" embedded in spam, provides partial protection to IE from certain web-based exploits and blocks most advertising you would otherwise be subjected to on the internet.",http://someonewhocares.org/hosts/,,,,hosts@someonewhocares.org,
Disconnect Advertising Filter List,https://s3.amazonaws.com/lists.disconnect.me/simple_ad.txt,https://disconnect.me/trackerprotection,Blocks advertisements.,,,,,support@disconnect.me,
Disconnect Malvertising Filter List,https://s3.amazonaws.com/lists.disconnect.me/simple_malvertising.txt,https://disconnect.me/trackerprotection,Blocks malvertising.,,,,,support@disconnect.me,
Disconnect Malware Filter List,https://s3.amazonaws.com/lists.disconnect.me/simple_malware.txt,https://disconnect.me/trackerprotection,Blocks malware.,,,,,support@disconnect.me,
Disconnect Tracking Filter List,https://s3.amazonaws.com/lists.disconnect.me/simple_tracking.txt,https://disconnect.me/trackerprotection,Blocks trackers.,,,,,support@disconnect.me,
DNS-BH Adblock Plus Malware Domains Full,https://easylist-downloads.adblockplus.org/malwaredomains_full.txt,http://www.malwaredomains.com/,This is a list of malware domains generated from malwaredomains.com data.,https://easylist-downloads.adblockplus.org/malwaredomains_full.txt,,,,malwaredomains@gmail.com,http://www.malwaredomains.com/?page_id=675
DNS-BH Bulk Registrars,http://mirror1.malwaredomains.com/files/bulk_registrars.txt,http://www.malwaredomains.com/,"This is a list of free/bulk domain registration services, who register 2nd level domains for free or almost free.",http://mirror1.malwaredomains.com/files/bulk_registrars.txt,,,,malwaredomains@gmail.com,http://www.malwaredomains.com/?page_id=675
DNS-BH Dynamic DNS,http://mirror1.malwaredomains.com/files/dynamic_dns.txt,http://www.malwaredomains.com/,This is a list of dynamic DNS providers.,http://mirror1.malwaredomains.com/files/dynamic_dns.txt,,,,malwaredomains@gmail.com,http://www.malwaredomains.com/?page_id=675
DNS-BH Free Web Hosts,http://mirror1.malwaredomains.com/files/freewebhosts.txt,http://www.malwaredomains.com/,This is a list of free web hosting services.,http://mirror1.malwaredomains.com/files/freewebhosts.txt,,,,malwaredomains@gmail.com,http://www.malwaredomains.com/?page_id=675
DNS-BH Malware Domains,http://mirror1.malwaredomains.com/files/justdomains,http://www.malwaredomains.com/,This is a list of malware domains.,,,,,malwaredomains@gmail.com,http://www.malwaredomains.com/?page_id=675
DNS-BH Malware Domains Immortal,http://mirror1.malwaredomains.com/files/immortal_domains.txt,http://www.malwaredomains.com/,"This is a list of long-lived, ""immortal,"" malware domains.",http://mirror1.malwaredomains.com/files/immortal_domains.txt,,,,malwaredomains@gmail.com,http://www.malwaredomains.com/?page_id=675
DNS-BH Skype Resolvers,http://mirror1.malwaredomains.com/files/Skype-resolvers.txt,http://www.malwaredomains.com/,A list of Skype resolvers.,,,,,malwaredomains@gmail.com,http://www.malwaredomains.com/?page_id=675
DNS-BH URL Shorteners,http://mirror1.malwaredomains.com/files/url_shorteners.txt,http://www.malwaredomains.com/,This is a list of URL shorteners.,http://mirror1.malwaredomains.com/files/url_shorteners.txt,,,,malwaredomains@gmail.com,http://www.malwaredomains.com/?page_id=675
DShield.org Recommended Block List,http://feeds.dshield.org/block.txt,https://www.dshield.org/xml.html,This list summarizes the top 20 attacking class C (/24) subnets over the last three days. The number of 'attacks' indicates the number of targets reporting scans from this subnet.,http://feeds.dshield.org/block.txt,,,,info@dshield.org,
EasyList,https://easylist.to/easylist/easylist.txt,https://easylist.to/,"EasyList is the primary filter list that removes most adverts from international web pages, including unwanted frames, images, and objects. It is the most popular list used by many ad blockers and forms the basis of over a dozen combination and supplementary filter lists.",https://easylist.to/,,https://forums.lanik.us/viewforum.php?f=23,https://github.com/easylist/easylist/issues,easylist.subscription@gmail.com,
EasyList China,https://easylist-downloads.adblockplus.org/easylistchina.txt,http://abpchina.org/forum/forum.php?mod=viewthread&tid=29667,Chinese supplement for the EasyList filters.,https://easylist-downloads.adblockplus.org/easylistchina.txt,,http://abpchina.org/forum/forum.php,,easylist.china@gmail.com,
EasyList China + EasyList,https://easylist-downloads.adblockplus.org/easylistchina+easylist.txt,,"A list combining <a href=""https://filterlists.com/#EasyListChina"">EasyList China</a> and <a href=""https://filterlists.com/#EasyList"">EasyList</a>.",,,,,,
EasyList China in IT,https://raw.githubusercontent.com/nfer/easylistchina_it/master/easylistchina_it.txt,https://github.com/nfer/easylistchina_it,Chinese supplement for the EasyList filters on IT sites.,,,,https://github.com/nfer/easylistchina_it/issues,,
EasyList Czech and Slovak,https://raw.githubusercontent.com/tomasko126/easylistczechandslovak/master/filters.txt,https://adblock.sk/,Official filter list file used for blocking ads on Czech and Slovak websites.,https://github.com/tomasko126/easylistczechandslovak,,https://easylist-czech-and-slovak.tenderapp.com/,https://github.com/tomasko126/easylistczechandslovak/issues,tomastaro@adblock.sk,
EasyList Czech and Slovak + EasyList,https://easylist-downloads.adblockplus.org/easylistczechslovak+easylist.txt,,"A list combining <a href=""https://filterlists.com/#EasyListCzechandSlovak"">EasyList Czech and Slovak</a> and <a href=""https://filterlists.com/#EasyList"">EasyList</a>.",,,,,,
EasyList Dutch,https://easylist-downloads.adblockplus.org/easylistdutch.txt,https://easylist.to/,EasyList Dutch is an [EasyList] affiliated filter list written by the EasyList author Famlam that specifically removes adverts on Dutch language websites.,https://easylist.to/pages/other-supplementary-filter-lists-and-easylist-variants.html,,https://forums.lanik.us/viewforum.php?f=100,,fam.lam@live.nl,
EasyList Dutch + EasyList,https://easylist-downloads.adblockplus.org/easylistdutch+easylist.txt,,"A list combining <a href=""https://filterlists.com/#EasyListDutch"">EasyList Dutch</a> and <a href=""https://filterlists.com/#EasyList"">EasyList</a>.",,,,,,
EasyList Germany,https://easylist-downloads.adblockplus.org/easylistgermany.txt,https://easylist.to/,"EasyList Germany is a filter list written by the EasyList authors MonztA, Famlam, and Khrin that specifically removes adverts on German language websites.",https://easylist.to/pages/other-supplementary-filter-lists-and-easylist-variants.html,,https://forums.lanik.us/viewforum.php?f=90,https://github.com/easylist/easylistgermany/issues,easylist.germany@gmail.com,
EasyList Germany + EasyList,https://easylist-downloads.adblockplus.org/easylistgermany+easylist.txt,,"A list combining <a href=""https://filterlists.com/#EasyListGermany"">EasyList Germany</a> and <a href=""https://filterlists.com/#EasyList"">EasyList</a>.",,,,,,
EasyList Hebrew,https://raw.githubusercontent.com/easylist/EasyListHebrew/master/EasyListHebrew.txt,https://github.com/easylist/EasyListHebrew,EasyList Hebrew is an [EasyList] affiliated filter list written by BsT that specifically removes adverts on Hebrew language websites.,https://easylist.to/pages/other-supplementary-filter-lists-and-easylist-variants.html,,,https://github.com/easylist/EasyListHebrew/issues,easylisthebrew@gmail.com,
EasyList Hebrew + EasyList,https://easylist-downloads.adblockplus.org/israellist+easylist.txt,,"A list combining <a href=""https://filterlists.com/#EasyListHebrew"">EasyList Hebrew</a> and <a href=""https://filterlists.com/#EasyList"">EasyList</a>.",,,,,,
EasyList Italy,https://easylist-downloads.adblockplus.org/easylistitaly.txt,https://easylist.to/,EasyList Italy is a filter list written by the EasyList author Khrin that specifically removes adverts on Italian language websites.,https://easylist.to/pages/other-supplementary-filter-lists-and-easylist-variants.html,,https://forums.lanik.us/viewforum.php?f=96,,easylistitaly@gmail.com,
EasyList Italy + EasyList,https://easylist-downloads.adblockplus.org/easylistitaly+easylist.txt,,"A list combining <a href=""https://filterlists.com/#EasyListItaly"">EasyList Italy</a> and <a href=""https://filterlists.com/#EasyList"">EasyList</a>.",,,,,,
EasyList Lite China,https://raw.githubusercontent.com/cjx82630/cjxlist/master/cjxlist.txt,http://abpchina.org/forum/forum.php?mod=viewthread&tid=29667,This is a lite version of EasyList. Only for Simplified Chinese language websites.,https://raw.githubusercontent.com/cjx82630/cjxlist/master/cjxlist.txt,,http://abpchina.org/forum/forum.php,https://github.com/cjx82630/cjxlist/issues,cjxlist@gmail.com,
EasyList Lithuania,http://margevicius.lt/easylistlithuania.txt,http://margevicius.lt/easylist_lithuania/,EasyList Lithuania is an affiliated filter list written by gymka that specifically removes adverts on Lithuanian language websites.,https://easylist.to/pages/other-supplementary-filter-lists-and-easylist-variants.html,,https://forums.lanik.us/viewforum.php?f=101,,algimantas@margevicius.lt,
EasyList Lithuania + EasyList,https://easylist-downloads.adblockplus.org/easylistlithuania+easylist.txt,,"A list combining <a href=""https://filterlists.com/#EasyListLithuania"">EasyList Lithuania</a> and <a href=""https://filterlists.com/#EasyList"">EasyList</a>.",,,,,,
EasyList Spanish,https://easylist-downloads.adblockplus.org/easylistspanish.txt,https://easylist.to/,Spanish supplement for EasyList.,https://adblockplus.org/subscriptions,,https://forums.lanik.us/viewforum.php?f=103,,easylist.spanish@gmail.com,
EasyList Thailand,https://raw.githubusercontent.com/easylist-thailand/easylist-thailand/master/subscription/easylist-thailand.txt,https://easylist-thailand.github.io/,Help you to block ads in Thailand websites.,https://github.com/easylist-thailand/easylist-thailand,,,https://github.com/easylist-thailand/easylist-thailand/issues,,
EasyList Without Element Hiding Rules,https://easylist-downloads.adblockplus.org/easylist_noelemhide.txt,https://easylist.to/,"This EasyList variant only contains blocking filters to remove adverts, with no element rules whatsoever; it, therefore, has more limited coverage than the full version of the list, although still commands a niche market.",https://easylist.to/pages/other-supplementary-filter-lists-and-easylist-variants.html,,https://forums.lanik.us/viewforum.php?f=23,https://github.com/easylist/easylist/issues,easylist.subscription@gmail.com,
EasyList Without Rules for Adult Sites,https://easylist-downloads.adblockplus.org/easylist_noadult.txt,https://easylist.to/,This EasyList variant does not contain filters for adult domains.,https://easylist.to/pages/other-supplementary-filter-lists-and-easylist-variants.html,,https://forums.lanik.us/viewforum.php?f=23,https://github.com/easylist/easylist/issues,easylist.subscription@gmail.com,
EasyPrivacy,https://easylist.to/easylist/easyprivacy.txt,https://easylist.to/,"EasyPrivacy is an optional supplementary filter list that completely removes all forms of tracking from the internet, including web bugs, tracking scripts and information collectors, thereby protecting your personal data.",https://easylist.to/,,https://forums.lanik.us/,https://github.com/easylist/easylist/issues,easylist.subscription@gmail.com,
EasyPrivacy + EasyList,https://easylist-downloads.adblockplus.org/easyprivacy+easylist.txt,,"A list combining <a href=""https://filterlists.com/#EasyPrivacy"">EasyPrivacy</a> and <a href=""https://filterlists.com/#EasyList"">EasyList</a>.",,,,,,
EasyPrivacy Without International Filters,https://easylist-downloads.adblockplus.org/easyprivacy_nointernational.txt,https://easylist.to/,This EasyPrivacy variant does not contain rules for international domains.,https://easylist.to/pages/other-supplementary-filter-lists-and-easylist-variants.html,,https://forums.lanik.us/,https://github.com/easylist/easylist/issues,easylist.subscription@gmail.com,
EasyTest,https://easylist-downloads.adblockplus.org/easytest.txt,https://forums.lanik.us/viewtopic.php?t=8505,Testing unsafe rules for EasyList that will break certain websites.,https://easylist-downloads.adblockplus.org/easytest.txt,,https://forums.lanik.us/viewtopic.php?t=8505,,,
Ebates Cash Back Shopping,https://www.ebates.com/whitelist/ebates-cash-back-shopping.txt,https://www.ebates.com/,"Members with ad blocking software may experience issues receiving Cash Back. If you have AdBlock, Adblock Plus or uBlock, you can add or subscribe to the Ebates Cash Back Shopping filter list.",https://www.ebates.com/help/troubleshooting.htm#abp,,,,,
Eesti Custom Sites Filter,http://adblock.ee/list.php,http://adblock.ee/,Blocks Estonian regional advertisements and trackers.,,,,,,
Facebook Annoyances Blocker,https://easylist-downloads.adblockplus.org/fb_annoyances_full.txt,https://facebook.adblockplus.me/,Block all Facebook annoyances.,https://facebook.adblockplus.me/,,,,subscriptionlist@adblockplus.org,https://adblockplus.org/en/donate
Facebook News Feed Annoyances Blocker,https://easylist-downloads.adblockplus.org/fb_annoyances_newsfeed.txt,https://facebook.adblockplus.me/,Block only news feed annoyances.,https://facebook.adblockplus.me/,,,,subscriptionlist@adblockplus.org,https://adblockplus.org/en/donate
Facebook Privacy List,http://www.squirrelconspiracy.net/abp/facebook-privacy-list.txt,http://www.squirrelconspiracy.net/abp/facebook-privacy-list.html,Block Facebook objects on non-Facebook websites,http://www.squirrelconspiracy.net/abp/facebook-privacy-list.txt,,,,fbprivacylist@squirrelconspiracy.net,
Facebook Sidebar Blocker,https://easylist-downloads.adblockplus.org/fb_annoyances_sidebar.txt,https://facebook.adblockplus.me/,Block only sidebar annoyances.,https://facebook.adblockplus.me/,,,,subscriptionlist@adblockplus.org,https://adblockplus.org/en/donate
Fake-News List,https://raw.githubusercontent.com/ryanbr/fanboy-adblock/master/fake-news.txt,https://github.com/ryanbr/fanboy-adblock,"Targeting sites with Hoax, propanganda and clickbait (fake sites). Note: List doesn't include harmless spoof/satire sites like theonion.com.",https://raw.githubusercontent.com/ryanbr/fanboy-adblock/master/fake-news.txt,,https://forums.lanik.us/viewtopic.php?f=88&t=34971,https://github.com/ryanbr/fanboy-adblock/issues,,https://www.paypal.com/cgi-bin/webscr?cmd=_s-xclick&hosted_button_id=WMGE9MAGGGMHW
Fanboy's Annoyance List,https://easylist-downloads.adblockplus.org/fanboy-annoyance.txt,https://easylist.to/,"In page Pop-Ups and other annoyances; thereby substantially decreasing web page loading times and uncluttering them (includes <a href=""https://filterlists.com/#FanboysSocialBlockingList"">Fanboy's Social Blocking List</a> and <a href=""https://filterlists.com/#FanboysCookiemonsterList"">Fanboy's Cookiemonster List</a>.)",https://fanboy.co.nz/,,https://forums.lanik.us/,https://github.com/easylist/easylist/issues,easylist.subscription@gmail.com,https://www.paypal.com/cgi-bin/webscr?cmd=_s-xclick&hosted_button_id=WMGE9MAGGGMHW
Fanboy's Anti-thirdparty Fonts,https://fanboy.co.nz/fanboy-antifonts.txt,http://fanboy.co.nz/,Blocks fonts loaded from third parties.,,,,,,
Fanboy's Complete List,https://fanboy.co.nz/r/fanboy-complete.txt,,"A list combining <a href=""https://filterlists.com/#EasyList"">EasyList</a>, <a href=""https://filterlists.com/#EasyPrivacy"">EasyPrivacy</a>, and <a href=""https://filterlists.com/#FanboysEnhancedTrackingList"">Fanboy's Enhanced Tracking List</a>.",,,,,,
Fanboy's Cookiemonster List,https://fanboy.co.nz/fanboy-cookiemonster.txt,https://easylist.to/,This will remove cookie and privacy warnings.,https://fanboy.co.nz/,,https://forums.lanik.us/,https://github.com/easylist/easylist/issues,easylist.subscription@gmail.com,https://www.paypal.com/cgi-bin/webscr?cmd=_s-xclick&hosted_button_id=WMGE9MAGGGMHW
Fanboy's Enhanced Tracking List,https://fanboy.co.nz/enhancedstats.txt,http://fanboy.co.nz/,"Blocks common tracking scripts such as Omniture, Webtrends, Foresee, Coremetrics, Google-Analytics, Touchclarity, ChannelIntelligence.",https://fanboy.co.nz/filters.html,,,https://github.com/easylist/easylist/issues,,https://www.paypal.com/cgi-bin/webscr?cmd=_s-xclick&hosted_button_id=WMGE9MAGGGMHW
Fanboy's Indian,https://fanboy.co.nz/fanboy-indian.txt,https://fanboy.co.nz/,Blocks Indian regional advertisements and trackers.,,,,,fanboyadblock@googlegroups.com,https://www.paypal.com/cgi-bin/webscr?cmd=_s-xclick&hosted_button_id=WMGE9MAGGGMHW
Fanboy's IsraelList,https://fanboy.co.nz/israelilist/IsraelList.txt,https://fanboy.co.nz/,Blocks Hebrew regional advertisements and trackers.,,,,,fanboyadblock@googlegroups.com,
Fanboy's Japanese,https://fanboy.co.nz/fanboy-japanese.txt,https://fanboy.co.nz/,Blocks Japanese regional advertisements and trackers.,,,,,fanboyadblock@googlegroups.com,https://www.paypal.com/cgi-bin/webscr?cmd=_s-xclick&hosted_button_id=WMGE9MAGGGMHW
Fanboy's Korean,https://fanboy.co.nz/fanboy-korean.txt,https://fanboy.co.nz/,Blocks Korean regional advertisements and trackers.,,,,,fanboyadblock@googlegroups.com,https://www.paypal.com/cgi-bin/webscr?cmd=_s-xclick&hosted_button_id=WMGE9MAGGGMHW
Fanboy's Polish,https://fanboy.co.nz/fanboy-polish.txt,https://fanboy.co.nz/,Blocks Polish regional advertisements and trackers.,,,,,fanboyadblock@googlegroups.com,https://www.paypal.com/cgi-bin/webscr?cmd=_s-xclick&hosted_button_id=WMGE9MAGGGMHW
Fanboy's Social Blocking List,https://easylist-downloads.adblockplus.org/fanboy-social.txt,https://easylist.to/,"Hide and block social content, social widgets, social scripts and social icons.",https://fanboy.co.nz/,,https://forums.lanik.us/,https://github.com/easylist/easylist/issues,easylist.subscription@gmail.com,https://www.paypal.com/cgi-bin/webscr?cmd=_s-xclick&hosted_button_id=WMGE9MAGGGMHW
Fanboy's Spanish/Portuguese,https://fanboy.co.nz/fanboy-espanol.txt,https://fanboy.co.nz/,Blocks Spanish and Portuguese regional advertisements and trackers.,,,,,fanboyadblock@googlegroups.com,https://www.paypal.com/cgi-bin/webscr?cmd=_s-xclick&hosted_button_id=WMGE9MAGGGMHW
Fanboy's Swedish,https://fanboy.co.nz/fanboy-swedish.txt,https://fanboy.co.nz/,Blocks Swedish regional advertisements and trackers.,,,,,fanboyadblock@googlegroups.com,https://www.paypal.com/cgi-bin/webscr?cmd=_s-xclick&hosted_button_id=WMGE9MAGGGMHW
Fanboy's Turkish,https://fanboy.co.nz/fanboy-turkish.txt,https://fanboy.co.nz/,Blocks Turkish regional advertisements and trackers.,,,,,fanboyadblock@googlegroups.com,https://www.paypal.com/cgi-bin/webscr?cmd=_s-xclick&hosted_button_id=WMGE9MAGGGMHW
Fanboy's Ultimate List,https://fanboy.co.nz/r/fanboy-ultimate.txt,,"A list combining <a href=""https://filterlists.com/#EasyList"">EasyList</a>, <a href=""https://filterlists.com/#EasyPrivacy"">EasyPrivacy</a>, <a href=""https://filterlists.com/#FanboysEnhancedTrackingList"">Fanboy's Enhanced Tracking List</a>, and <a href=""https://filterlists.com/#FanboysAnnoyanceList"">Fanboy's Annoyance List</a>.",,,,,,
Fanboy's Vietnamese,https://fanboy.co.nz/fanboy-vietnam.txt,https://fanboy.co.nz/,Blocks Vietnamese regional advertisements and trackers.,,,,,fanboyadblock@googlegroups.com,https://www.paypal.com/cgi-bin/webscr?cmd=_s-xclick&hosted_button_id=WMGE9MAGGGMHW
Filters by hant0508,https://raw.githubusercontent.com/hant05080/uBlock-filters/master/filters.txt,https://github.com/hant05080/uBlock-filters,"This filter list for uBlock Origin/Adblock Plus is designed to be used with such lists as EasyList, RU AdList etc., so it's substantially free of intersections with them. The list is made for blocking ad (mostly on Russian websites) missed by other filter lists maintainers. It is regularly updated and actively developed for now.",https://github.com/hant05080/uBlock-filters,,,https://github.com/hant05080/uBlock-filters/issues,hant0508@gmail.com,
Filtri DNS,https://filtri-dns.ga/filtri.txt,https://filtri-dns.ga/,Tentative hosts file for Italian sites created from Easylist Italy and ADB X Files.,https://filtri-dns.ga/filtri.txt,,,,,
Filtros Nauscopicos,https://raw.githubusercontent.com/mozillahispano/nauscopio-filtros/master/filtros.txt,https://nauscopio.wordpress.com/2010/07/05/filtrado-bloqueo-y-ocultacion-de-la-publicidad-en-google-chrome/,Blocks English and Spanish regional advertisements and trackers.,,,,https://github.com/mozillahispano/nauscopio-filtros/issues,,
Filtros Nauscopicos Hosts,https://raw.githubusercontent.com/mozillahispano/nauscopio-filtros/master/hosts,https://nauscopio.wordpress.com/2011/09/05/archivo-hosts-nauscopico-para-combatir-publicidad-paginas-peligrosas-contadores-de-visitas-spam-en-combinacion-con-los-filtros-nauscopicos/,"Use this file to prevent your computer from connecting to selected internet hosts. This is an easy and effective way to protect you from many types of spyware, reduces bandwidth use, blocks certain pop-up  traps, prevents user tracking by way of ""web bugs"" embedded in spam, provides partial protection to IE from certain web-based exploits and blocks most advertising you would otherwise be subjected to on the internet.",https://raw.githubusercontent.com/mozillahispano/nauscopio-filtros/master/hosts,,,https://github.com/mozillahispano/nauscopio-filtros/issues,,
Finnish AntiSocial,http://adb.juvander.net/Finland_adb_antisocial.txt,,Finnish blocklist for AdBlock to block social media stuff.,http://adb.juvander.net/Finland_adb_antisocial.txt,,,,,
Firime (FED) EasyDownload List,http://pastebin.com/raw/r9a5WrZa,https://firime.wordpress.com/projects/others/fedlist/,Removes unnecessary elements from specific file sharing sites.,https://firime.wordpress.com/projects/others/fedlist/,,,,,
G&J AdBlock,https://web.archive.org/web/20160221135808/http://adblock.gjtech.net/?format=adblock-plus,https://www.gjtech.net/,Block ads with AdBlock filter.,https://web.archive.org/web/20160221135711/http://adblock.gjtech.net/?format=unix-hosts,,,,,
G&J Hosts,https://web.archive.org/web/20160221135711/http://adblock.gjtech.net/?format=unix-hosts,https://www.gjtech.net/,Block ads with /etc/hosts.,https://web.archive.org/web/20160221135808/http://adblock.gjtech.net/?format=adblock-plus,,,,,
gmbk0's AdAway Hosts for Android,https://web.archive.org/web/20140719043102/https://gmbksfilters.googlecode.com/hg/hosts_adonly.txt,http://gmbk0.tumblr.com/,Blocks Japanese regional mobile advertisements and trackers.,,,,,,
GNU Blacklist,https://web.archive.org/web/20160425221243/http://gnuzilla.gnu.org/filters/blacklist.txt,,"Block all well known privacy trackers. (<a href=""https://filterlists.com/#EasyList"">EasyList</a> + <a href=""https://filterlists.com/#EasyPrivacy"">EasyPrivacy</a> + <a href=""https://filterlists.com/#FanboysSocialBlockingList"">Fanboy's Social Blocking List</a>)",https://web.archive.org/web/20160425221243/http://gnuzilla.gnu.org/filters/blacklist.txt,,,,bug-gnuzilla@gnu.org,
Greek AdBlock Filter,https://raw.githubusercontent.com/kargig/greek-adblockplus-filter/master/void-gr-filters.txt,https://www.void.gr/kargig/blog/greek-adblock-plus-filter/,Filter for advertisements on Greek sites.,https://www.void.gr/kargig/blog/greek-adblock-plus-filter/,,,https://github.com/kargig/greek-adblockplus-filter/issues,,
Hexxium Creations Threat List,https://raw.githubusercontent.com/HexxiumCreations/threat-list/gh-pages/hexxiumthreatlist.txt,https://www.hexxiumcreations.com/projects/malicious-domain-blocking/,We will blacklist domains that fall into any of the following categories: scams/phishing/malware/malvertising/exploits - and other general threats.,https://www.hexxiumcreations.com/projects/malicious-domain-blocking/,Hexxium Creations,,https://github.com/HexxiumCreations/threat-list/issues,support@hexxiumcreations.com,
Hosts2ch,https://www.cubby.com/pl/ja.txt/_447d3ae976114d51b01bc83b7a1a77eb,https://sites.google.com/site/hosts2ch/,Japanese ad servers hosts file.,,,http://potato.2ch.net/test/read.cgi/android/1450730522/,,,
hpHosts,https://www.hosts-file.net/download/hosts.txt,https://www.hosts-file.net/,"hpHosts is a community managed and maintained hosts file that allows an additional layer of protection against access to ad, tracking and malicious websites.",https://www.hosts-file.net/,,,,,
hpHosts ATS,https://hosts-file.net/ad_servers.txt,https://hosts-file.net/,This classification is assigned for domains being used for advert or tracking purposes.,https://hosts-file.net/?s=classifications,,https://forum.hosts-file.net/,,,
hpHosts EMD,https://hosts-file.net/emd.txt,https://hosts-file.net/,Sites engaged in malware distribution.,https://hosts-file.net/?s=classifications,,https://forum.hosts-file.net/,,,
hpHosts EXP,https://hosts-file.net/exp.txt,https://hosts-file.net/,"Sites engaged in the housing, development or distribution of exploits, including but not limited to exploitation of browser, software (inclusive of website software such as CMS), operating system exploits aswell as those engaged in exploits via social engineering.",https://hosts-file.net/?s=classifications,,https://forum.hosts-file.net/,,,
hpHosts FSA,https://hosts-file.net/fsa.txt,https://hosts-file.net/,Sites engaged in the selling or distribution of bogus or fraudulent applications and/or provision of fraudulent services.,https://hosts-file.net/?s=classifications,,https://forum.hosts-file.net/,,,
hpHosts GRM,https://hosts-file.net/grm.txt,https://hosts-file.net/,Sites engaged in astroturfing (otherwise known as grass roots marketing) or spamming.,https://hosts-file.net/?s=classifications,,https://forum.hosts-file.net/,,,
hpHosts HFS,https://hosts-file.net/hfs.txt,https://hosts-file.net/,Special classification for persons caught spamming the hpHosts forums.,https://hosts-file.net/?s=classifications,,https://forum.hosts-file.net/,,,
hpHosts HJK,https://hosts-file.net/hjk.txt,https://hosts-file.net/,"Sites engaged in browser hijacking or other forms of hijacking (OS services, bandwidth, DNS, etc.).",https://hosts-file.net/?s=classifications,,https://forum.hosts-file.net/,,,
hpHosts MMT,https://hosts-file.net/mmt.txt,https://hosts-file.net/,Sites engaged in the use of misleading marketing tactics.,https://hosts-file.net/?s=classifications,,https://forum.hosts-file.net/,,,
hpHosts Partial,https://hosts-file.net/hphosts-partial.txt,https://hosts-file.net/,The following hosts were added to hpHosts AFTER the last full release.,https://hosts-file.net/hphosts-partial.txt,,https://forum.hosts-file.net/,,,
hpHosts PHA,https://hosts-file.net/pha.txt,https://hosts-file.net/,Sites engaged in illegal pharmacy activities.,https://hosts-file.net/?s=classifications,,https://forum.hosts-file.net/,,,
hpHosts PSH,https://hosts-file.net/psh.txt,https://hosts-file.net/,Sites engaged in Phishing.,https://hosts-file.net/?s=classifications,,https://forum.hosts-file.net/,,,
hpHosts PUP,https://hosts-file.net/pup.txt,https://hosts-file.net/,Sites engaged in the distribution of Potentially Unwanted Programs.,https://hosts-file.net/?s=classifications,,https://forum.hosts-file.net/,,,
hpHosts WRZ,https://hosts-file.net/wrz.txt,https://hosts-file.net/,"Sites engaged in the selling, distribution or provision of warez (including but not limited to keygens, serials etc), where such provisions do not contain malware.",https://hosts-file.net/?s=classifications,,https://forum.hosts-file.net/,,,
hufilter,https://raw.githubusercontent.com/szpeter80/hufilter/master/hufilter.txt,https://github.com/szpeter80/hufilter/wiki,Blocks Hungarian regional advertisements and trackers.,,,,https://github.com/szpeter80/hufilter/issues,hufilter.adblock@gmail.com,
I Don't Care about Cookies,https://www.kiboke-studio.hr/i-dont-care-about-cookies/abp/,https://www.kiboke-studio.hr/i-dont-care-about-cookies/,Get rid of annoying cookie warnings from almost all 'infected' websites!,https://www.kiboke-studio.hr/i-dont-care-about-cookies/,,,,info@kiboke-studio.hr,https://flattr.com/submit/auto?user_id=kiboke&url=https%3A%2F%2Fwww.kiboke-studio.hr%2Fi-dont-care-about-cookies%2F
Icelandic ABP List,http://adblock.gardar.net/is.abp.txt,http://adblock.gardar.net/,Adblock Plus list for Icelandic websites.,http://adblock.gardar.net/,,,,adblock@gardar.net,
Ilyakatz's Additional Filters for Adblock,https://raw.githubusercontent.com/ilyakatz/adblock_filters/master/inpage_popups.txt,https://ilyakatz.github.io/adblock_filters/,This filter list for AdBlock removes popup sections on sites that distracts from the main content.,https://ilyakatz.github.io/adblock_filters/,,,https://github.com/ilyakatz/adblock_filters/issues,,
I'm OK with Cookies,https://raw.githubusercontent.com/Rudloff/adblock-imokwithcookies/master/filters.txt,https://github.com/Rudloff/adblock-imokwithcookies,List of filters for Adblock Plus that block cookie notices on European websites.,https://github.com/Rudloff/adblock-imokwithcookies,,,https://github.com/Rudloff/adblock-imokwithcookies/issues,,
iploggerfilter,https://raw.githubusercontent.com/piperun/iploggerfilter/master/filterlist,https://github.com/piperun/iploggerfilter,Filter any site/subsite who's only purpose is to log your IP.,https://github.com/piperun/iploggerfilter,,,https://github.com/piperun/iploggerfilter/issues,,
JAB Creations' Adblock Plus Filter Subscription,http://www.jabcreations.com/downloads/adblock-filters.php,https://www.jabcreations.com/web/adblock-subscription,"My Adblock Plus filter subscription will block banner ads, flash ads, text-ads, and even completely block some rogue anti-virus and anti-spyware websites preventing infection.",https://www.jabcreations.com/web/adblock-subscription,,,,,
Jansal's Hosts,https://raw.githubusercontent.com/lewisje/jansal/master/adblock/hosts,,"A list combining <a href=""https://filterlists.com/#MalwareDomainList"">Malware Domain List</a>, <a href=""https://filterlists.com/#PeterLowesList"">Peter Lowe's List</a>, <a href=""https://filterlists.com/#Spybot"">Spybot</a>, and <a href=""https://filterlists.com/#SpywareBlaster"">Spyware Blaster</a>.",,,,,,
Jansal's Hosts Light,https://raw.githubusercontent.com/lewisje/jansal/master/adblock/hostslt,,"A list combining <a href=""https://filterlists.com/#MalwareDomainList"">Malware Domain List</a> and <a href=""https://filterlists.com/#Spybot"">Spybot</a>.",,,,,,
Japanese Site Adblock Filter,http://qme.mydns.jp/data/Adblock.txt,http://qme.mydns.jp/adblock.html,"This filter will mainly block affiliate advertising, behavioral advertising, tend embedded script will overload, blog parts.",http://qme.mydns.jp/adblock.html,,,,,
Japanese Site Adblock Filter ver 2,http://qme.mydns.jp/data/AdblockV2.txt,http://qme.mydns.jp/adblock.html,"This filter will mainly block affiliate advertising, behavioral advertising, tend embedded script will overload, blog parts.",http://qme.mydns.jp/adblock.html,,,,,
KAD - Scams,https://raw.githubusercontent.com/azet12/KAD/master/KAD.txt,https://azet12.github.io/KAD/,Polish filter Adblock and uBlock locking side-type scam (eg. Subscriptions SMS).,https://github.com/azet12/KAD,,,https://github.com/azet12/KAD/issues,kadrep@outlook.com,
KAD Hosts File,https://raw.githubusercontent.com/azet12/KADhosts/master/KADhosts.txt,https://azet12.github.io/KAD/,Polish hosts file for blocking scams. (Experimental),,,,https://github.com/azet12/KAD/issues,kadrep@outlook.com,
Korean Adblock List,https://raw.githubusercontent.com/gfmaster/adblock-korea-contrib/master/filter.txt,https://github.com/gfmaster/adblock-korea-contrib,A filter list for Adblock which covers filters for Korean websites.,https://github.com/gfmaster/adblock-korea-contrib,,,https://github.com/gfmaster/adblock-korea-contrib/issues,,
Latvian List,https://notabug.org/latvian-list/adblock-latvian/raw/master/lists/latvian-list.txt,https://notabug.org/latvian-list/adblock-latvian,Latvian List is an affiliated filter list written by anonymous74100 that specifically removes adverts on Latvian language websites.,https://easylist.to/pages/other-supplementary-filter-lists-and-easylist-variants.html,,https://forums.lanik.us/viewforum.php?f=99,,latvian-list@googlegroups.com,
Latvian List + EasyList,https://easylist-downloads.adblockplus.org/latvianlist+easylist.txt,,"A list combining <a href=""https://filterlists.com/#LatvianList"">Latvian List</a> and <a href=""https://filterlists.com/#EasyList"">EasyList</a>.",,,,,,
Lead Generator,https://raw.githubusercontent.com/Rpsl/adblock-leadgenerator-list/master/list/list.txt,https://github.com/Rpsl/adblock-leadgenerator-list,AdBlock list for blocking 'how i can help you?' widgets.,https://github.com/Rpsl/adblock-leadgenerator-list,,,https://github.com/Rpsl/adblock-leadgenerator-list/issues,,
Linkedinsanity Rules,https://raw.githubusercontent.com/taylr/linkedinsanity/master/linkedinsanity.txt,https://github.com/taylr/linkedinsanity,Blocks advertisements and sponsored posts on LinkedIn.,,,,https://github.com/taylr/linkedinsanity/issues,,
Liste AR,https://easylist-downloads.adblockplus.org/Liste_AR.txt,https://code.google.com/archive/p/liste-ar-adblock/,Liste AR is an [EasyList] affiliated filter list written by smed79 and Crits that specifically removes adverts on Arabic language websites.,https://easylist.to/pages/other-supplementary-filter-lists-and-easylist-variants.html,,https://forums.lanik.us/viewforum.php?f=98,,liste.ar.adblock@gmail.com,
Liste AR + Liste FR + EasyList,https://easylist-downloads.adblockplus.org/liste_ar+liste_fr+easylist.txt,,"A list combining <a href=""https://filterlists.com/#ListeAR"">Liste AR</a>, <a href=""https://filterlists.com/#ListeFR"">Liste FR</a>, and <a href=""https://filterlists.com/#EasyList"">EasyList</a>.",,,,,,
Liste FR,https://easylist-downloads.adblockplus.org/liste_fr.txt,https://easylist.to/,"Liste FR is an [EasyList] affiliated filter list written by Lian, Crits and smed79 that specifically removes adverts on French language websites.",https://easylist.to/pages/other-supplementary-filter-lists-and-easylist-variants.html,,https://forums.lanik.us/viewforum.php?f=91,,listefr.adblock@gmail.com,
Liste FR + EasyList,https://easylist-downloads.adblockplus.org/liste_fr+easylist.txt,,"A list combining <a href=""https://filterlists.com/#ListeFR"">Liste FR</a> and <a href=""https://filterlists.com/#EasyList"">EasyList</a>.",,,,,,
List-KR,https://github.com/SlowMemory/List-KR/blob/master/filter.txt,https://list-kr.github.io/,"Filter that enables removing of ads, trackers, and various scripts from websites with Korean content. Based on <a href=""https://filterlists.com/stale/#Corset"">Corset</a>, <a href=""https://filterlists.com/regional/#KoreanAdblockList"">Korean Adblock List</a>, <a href=""https://filterlists.com/regional/#YousList"">YousList</a>.",https://github.com/SlowMemory/List-KR,,,https://github.com/SlowMemory/List-KR/issues,,
List-KR Unbreak,https://raw.githubusercontent.com/SlowMemory/List-KR/master/unbreak.txt,https://list-kr.github.io/,Filter that fixes filtration errors in an alternative way due to limitations of adblockers other than Adguard or those using Webkit content blocker API.,https://raw.githubusercontent.com/SlowMemory/List-KR/master/unbreak.txt,,,https://github.com/SlowMemory/List-KR/issues,,
Malware Domain List,https://www.malwaredomainlist.com/hostslist/hosts.txt,https://www.malwaredomainlist.com/,Blocks malware.,,,https://www.malwaredomainlist.com/forums/,,,
Malware URLs,http://malwareurls.joxeankoret.com/normal.txt,http://malwareurls.joxeankoret.com/,"Malware URLs is a daily updated and free for research purposes feed offered by Joxean Koret to be used by security researchers, anti-malware researchers, etc... It can also be used by individuals to protect themselves, as the format of the feed (plain text) can be used with tools like Adblock Plus or integrated easily with other tools.",http://malwareurls.joxeankoret.com/,,,,info@joxeankoret.com,
Malware URLs Domains,http://malwareurls.joxeankoret.com/domains.txt,http://malwareurls.joxeankoret.com/,"Malware URLs is a daily updated and free for research purposes feed offered by Joxean Koret to be used by security researchers, anti-malware researchers, etc... It can also be used by individuals to protect themselves, as the format of the feed (plain text) can be used with tools like Adblock Plus or integrated easily with other tools.",http://malwareurls.joxeankoret.com/,,,,info@joxeankoret.com,
Malware URLs Gray Area,http://malwareurls.joxeankoret.com/grayarea.txt,http://malwareurls.joxeankoret.com/,"Malware URLs is a daily updated and free for research purposes feed offered by Joxean Koret to be used by security researchers, anti-malware researchers, etc... It can also be used by individuals to protect themselves, as the format of the feed (plain text) can be used with tools like Adblock Plus or integrated easily with other tools.",http://malwareurls.joxeankoret.com/,,,,info@joxeankoret.com,
Mayve's Private Adblock Filters,https://github.com/mayve/private-adblock-filters/raw/master/Adblock_List.txt,https://github.com/mayve/private-adblock-filters,Blocks Japanese regional advertisements and trackers.,,,,https://github.com/mayve/private-adblock-filters/issues,,
"Message ""Seen"" Remover for Facebook",https://easylist-downloads.adblockplus.org/message_seen_remover_for_facebook.txt,,Prevents Facebook and other users of Facebook chat from seeing that you have read a message.,,,,,,
Michael Trimm's Hosts,https://raw.githubusercontent.com/michaeltrimm/hosts-blocking/master/_hosts.txt,https://github.com/michaeltrimm/hosts-blocking,Blocks viruses.,,,,https://github.com/michaeltrimm/hosts-blocking/issues,,
MoaAB: Mother of All AD-BLOCKING,https://adblock.mahakala.is/,http://forum.xda-developers.com/showthread.php?t=1916098,"Blocks In-App/Web ADs, In-App/Web Trackers, Malware/Spyware Domains, Tracker Cookies, Malicious Call-Back Home App Functions, Malicious 3rd Party Redirection Functions and Possibly Some Level of Virus/Trojan Protection and More...",http://forum.xda-developers.com/showthread.php?t=1916098,,http://forum.xda-developers.com/showthread.php?t=1916098,,,
Mute,http://mute.bradconte.com/mute.txt,http://mute.bradconte.com/,Mute is an AdBlock filter for hiding user comments. Surf without the noise.,http://mute.bradconte.com/,,,https://github.com/B-Con/mute/issues,,
MVPS HOSTS,http://winhelp2002.mvps.org/hosts.txt,http://winhelp2002.mvps.org/hosts.htm,"Block ads, banners, 3rd party Cookies, 3rd party page counters, web bugs, and even most hijackers.",http://winhelp2002.mvps.org/hosts.htm,,,,winhelp2002@gmail.com,https://www.paypal.com/cgi-bin/webscr?cmd=_s-xclick&hosted_button_id=UNHL2VY85PB8N
NoCoin,https://raw.githubusercontent.com/hoshsadiq/adblock-nocoin-list/master/nocoin.txt,https://github.com/hoshsadiq/adblock-nocoin-list,Prevents browser based coin mining from clogging up your resources.,https://github.com/hoshsadiq/adblock-nocoin-list,Hosh Sadiq,,https://github.com/hoshsadiq/adblock-nocoin-list/issues,,
Nopelist,https://raw.githubusercontent.com/genediazjr/nopelist/master/nopelist.txt,https://github.com/genediazjr/nopelist,"A personal filter list. Each host is either an ad, phishing, malicious, analytics, or clickbait.",https://github.com/genediazjr/nopelist,,,https://github.com/genediazjr/nopelist/issues,,
Norwegian EasyList supplement for tidier websites,https://github.com/DandelionSprout/adfilt/blob/master/ExperimentalNorwegianList.txt,https://github.com/DandelionSprout/adfilt,Removes ads, affiliation ads, and empty boxes on Norwegian sites to produce a cleaner browser experience. Meant to be used on top of general filters,Imre Kristoffer Eilertsen,,https://github.com/DandelionSprout/adfilt/issues,imreeil42@gmail.com,https://www.paypal.me/DandeeSprout
NoTrack Blocklist,https://raw.githubusercontent.com/quidsup/notrack/master/trackers.txt,https://github.com/quidsup/notrack,Blocks trackers.,,,,https://github.com/quidsup/notrack/issues,,
OpenPhish Phishing Intelligence Community Feed,https://openphish.com/feed.txt,https://openphish.com/,"OpenPhish uses proprietary Artificial Intelligence algorithms to automatically identify zero-day phishing sites and provide comprehensive, actionable, real-time threat intelligence.",https://openphish.com/,,,,contact@openphish.com,
Overlay Blocker,https://raw.githubusercontent.com/LordBadmintonofYorkshire/Overlay-Blocker/master/blocklist.txt,https://github.com/LordBadmintonofYorkshire/Overlay-Blocker,Adblock filter for obtrusive overlay (pop up) elements and various other annoying elements on websites.,https://github.com/LordBadmintonofYorkshire/Overlay-Blocker,,,https://github.com/LordBadmintonofYorkshire/Overlay-Blocker/issues,,
Peter Lowe's List,https://pgl.yoyo.org/adservers/serverlist.php?hostformat=adblockplus&showintro=1&mimetype=plaintext,https://pgl.yoyo.org/adservers/,Block advertisements.,,,,,pgl@yoyo.org,
PLgeneral,http://www.niecko.pl/adblock/adblock.txt,http://niecko.pl/adblock/,"Contains a list of elements of advertising, such as banners or flash animations, the most commonly used on Polish websites.",http://niecko.pl/adblock/,,,,,
Popup Blocker,https://raw.githubusercontent.com/azet12/PopupBlocker/master/PPB.txt,https://azet12.github.io/KAD/,"Polish filter the type of annoyances blocking windows to encourage registration or news, promotions and discounts. It blocks the widgets that misinformation and distract, trying to force push your product.",https://github.com/azet12/PopupBlocker,,,https://github.com/azet12/PopupBlocker/issues,kadrep@outlook.com,
Prebake Obtrusive,https://raw.githubusercontent.com/liamja/Prebake/master/obtrusive.txt,http://prebake.eu/,"Prebake is an Adblock filter subscription that blocks large, obtrusive cookie notices. These notices either consume a considerable amount of screen real estate or popup and distract the viewers attention, which can be just as annoying as ads.",http://prebake.eu/,,,https://github.com/liamja/Prebake/issues,cookies@prebake.eu,
Prebake Quiet,https://raw.githubusercontent.com/liamja/Prebake/master/quiet.txt,http://prebake.eu/,"The Quiet list blocks all other notices regardless of their size or obnoxiousness. Simple two- or three-word links to privacy pages aren't blocked (such as links in a page footer), but a lengthy paragraph mid-page will be.",https://github.com/liamja/Prebake,,,https://github.com/liamja/Prebake/issues,cookies@prebake.eu,
Privacy Filters,https://raw.githubusercontent.com/metaphoricgiraffe/tracking-filters/master/trackingfilters.txt,https://github.com/metaphoricgiraffe/tracking-filters,"A text file with filters to aid in blocking online trackers, for use in a blocker such as uBlock Origin.",https://github.com/metaphoricgiraffe/tracking-filters,,,https://github.com/metaphoricgiraffe/tracking-filters/issues,,
Ransomware Tracker CryptoWall Ransomware C2 Domain Blocklist,https://ransomwaretracker.abuse.ch/downloads/CW_C2_DOMBL.txt,https://ransomwaretracker.abuse.ch/blocklist/,Blocks CryptoWall from botnet command and control servers by domain.,,,,,rt-intel@abuse.ch,
Ransomware Tracker CryptoWall Ransomware C2 URL Blocklist,https://ransomwaretracker.abuse.ch/downloads/CW_C2_URLBL.txt,https://ransomwaretracker.abuse.ch/blocklist/,Blocks CryptoWall from botnet command and control servers by URL.,,,,,rt-intel@abuse.ch,
Ransomware Tracker CryptoWall Ransomware Payment Sites Domain Blocklist,https://ransomwaretracker.abuse.ch/downloads/CW_PS_DOMBL.txt,https://ransomwaretracker.abuse.ch/blocklist/,Blocks CryptoWall from payment site servers by domain.,,,,,rt-intel@abuse.ch,
Ransomware Tracker CryptoWall Ransomware Payment Sites IP Blocklist,https://ransomwaretracker.abuse.ch/downloads/CW_PS_IPBL.txt,https://ransomwaretracker.abuse.ch/blocklist/,Blocks CryptoWall from payment site servers by IP address.,,,,,rt-intel@abuse.ch,
Ransomware Tracker Domain Blocklist,https://ransomwaretracker.abuse.ch/downloads/RW_DOMBL.txt,https://ransomwaretracker.abuse.ch/blocklist/,A combined domain blocklist for blocking ransomware.,,,,,rt-intel@abuse.ch,
Ransomware Tracker IP Blocklist,https://ransomwaretracker.abuse.ch/downloads/RW_IPBL.txt,https://ransomwaretracker.abuse.ch/blocklist/,A combined IP blocklist for blocking ransomware.,,,,,rt-intel@abuse.ch,
Ransomware Tracker Locky Ransomware C2 Domain Blocklist,https://ransomwaretracker.abuse.ch/downloads/LY_C2_DOMBL.txt,https://ransomwaretracker.abuse.ch/blocklist/,Blocks Locky from botnet command and control servers by domain.,,,,,rt-intel@abuse.ch,
Ransomware Tracker Locky Ransomware C2 IP Blocklist,https://ransomwaretracker.abuse.ch/downloads/LY_C2_IPBL.txt,https://ransomwaretracker.abuse.ch/blocklist/,Blocks Locky from botnet command and control servers by IP.,,,,,rt-intel@abuse.ch,
Ransomware Tracker Locky Ransomware Distribution Site URL Blocklist,https://ransomwaretracker.abuse.ch/downloads/LY_DS_URLBL.txt,https://ransomwaretracker.abuse.ch/blocklist/,Blocks Locky from distribution site servers by URL.,,,,,rt-intel@abuse.ch,
Ransomware Tracker Locky Ransomware Payment Sites Domain Blocklist,https://ransomwaretracker.abuse.ch/downloads/LY_PS_DOMBL.txt,https://ransomwaretracker.abuse.ch/blocklist/,Blocks Locky from payment site servers by domain.,,,,,rt-intel@abuse.ch,
Ransomware Tracker Locky Ransomware Payment Sites IP Blocklist,https://ransomwaretracker.abuse.ch/downloads/LY_PS_IPBL.txt,https://ransomwaretracker.abuse.ch/blocklist/,Blocks Locky from payment site servers by IP address.,,,,,rt-intel@abuse.ch,
Ransomware Tracker TeslaCrypt Ransomware C2 Domain Blocklist,https://ransomwaretracker.abuse.ch/downloads/TC_C2_DOMBL.txt,https://ransomwaretracker.abuse.ch/blocklist/,Blocks TeslaCrypt from botnet command and control servers by domain.,,,,,rt-intel@abuse.ch,
Ransomware Tracker TeslaCrypt Ransomware C2 URL Blocklist,https://ransomwaretracker.abuse.ch/downloads/TC_C2_URLBL.txt,https://ransomwaretracker.abuse.ch/blocklist/,Blocks TeslaCrypt from botnet command and control servers by URL.,,,,,rt-intel@abuse.ch,
Ransomware Tracker TeslaCrypt Ransomware Distribution Site URL Blocklist,https://ransomwaretracker.abuse.ch/downloads/TC_DS_URLBL.txt,https://ransomwaretracker.abuse.ch/blocklist/,Blocks TeslaCrypt from distribution site servers by URL.,,,,,rt-intel@abuse.ch,
Ransomware Tracker TeslaCrypt Ransomware Payment Sites Domain Blocklist,https://ransomwaretracker.abuse.ch/downloads/TC_PS_DOMBL.txt,https://ransomwaretracker.abuse.ch/blocklist/,Blocks TeslaCrypt from payment site servers by domain.,,,,,rt-intel@abuse.ch,
Ransomware Tracker TeslaCrypt Ransomware Payment Sites IP Blocklist,https://ransomwaretracker.abuse.ch/downloads/TC_PS_IPBL.txt,https://ransomwaretracker.abuse.ch/blocklist/,Blocks TeslaCrypt from payment site servers by IP address.,,,,,rt-intel@abuse.ch,
Ransomware Tracker TorrentLocker Ransomware C2 Domain Blocklist,https://ransomwaretracker.abuse.ch/downloads/TL_C2_DOMBL.txt,https://ransomwaretracker.abuse.ch/blocklist/,Blocks TorrentLocker from botnet command and control servers by domain.,,,,,rt-intel@abuse.ch,
Ransomware Tracker TorrentLocker Ransomware C2 IP Blocklist,https://ransomwaretracker.abuse.ch/downloads/TL_C2_IPBL.txt,https://ransomwaretracker.abuse.ch/blocklist/,Blocks TorrentLocker from botnet command and control servers by IP address.,,,,,rt-intel@abuse.ch,
Ransomware Tracker TorrentLocker Ransomware Payment Sites Domain Blocklist,https://ransomwaretracker.abuse.ch/downloads/TL_PS_DOMBL.txt,https://ransomwaretracker.abuse.ch/blocklist/,Blocks TorrentLocker from payment site servers by domain.,,,,,rt-intel@abuse.ch,
Ransomware Tracker TorrentLocker Ransomware Payment Sites IP Blocklist,https://ransomwaretracker.abuse.ch/downloads/TL_PS_IPBL.txt,https://ransomwaretracker.abuse.ch/blocklist/,Blocks TorrentLocker from payment site servers by IP address.,,,,,rt-intel@abuse.ch,
Ransomware Tracker URL Blocklist,https://ransomwaretracker.abuse.ch/downloads/RW_URLBL.txt,https://ransomwaretracker.abuse.ch/blocklist/,A combined URL blocklist for blocking ransomware.,,,,,rt-intel@abuse.ch,
ROad-Block,https://road.adblock.ro/lista.txt,https://www.adblock.ro/,Romanian ad block filtering list.,https://github.com/tcptomato/ROad-Block,,https://muut.com/i/adblockro/comments,https://github.com/tcptomato/ROad-Block/issues,contact@adblock.ro,
ROList,https://www.zoso.ro/pages/rolist.txt,https://www.zoso.ro/rolist/,Romanian supplement for EasyList.,https://adblockplus.org/subscriptions,,,,mail@zoso.ro,
ROList + EasyList,https://easylist-downloads.adblockplus.org/rolist+easylist.txt,,"A list combining <a href=""https://filterlists.com/#ROList"">ROList</a> and <a href=""https://filterlists.com/#EasyList"">EasyList</a>.",,,,,,
ROList2,https://www.zoso.ro/pages/rolist2.txt,https://www.zoso.ro/rolist/,This is a complementary list for RoList with annoyances that are not necessarly banners.,https://www.zoso.ro/pages/rolist2.txt,,,,mail@zoso.ro,
RU AdList,https://easylist-downloads.adblockplus.org/advblock.txt,https://code.google.com/archive/p/ruadlist/,Russian supplement for EasyList.,https://adblockplus.org/subscriptions,,https://forums.lanik.us/viewforum.php?f=102,,,
RU AdList [Old],http://denis-ovs.narod.ru/adblock.txt,http://denis-ovs.narod.ru/,Blocks Russian regional advertisements and trackers.,,,https://forum.mozilla-russia.org/viewtopic.php?id=3679,,denis-ovs@yandex.ru,
RU AdList + EasyList,https://easylist-downloads.adblockplus.org/ruadlist+easylist.txt,,"A list combining <a href=""https://filterlists.com/#RUAdList"">RU AdList</a> and <a href=""https://filterlists.com/#EasyList"">EasyList</a>.",,,,,,
RU AdList: BitBlock,https://easylist-downloads.adblockplus.org/bitblock.txt,https://code.google.com/archive/p/ruadlist/,Russian-only fork of Fanboy's Annoyance List.,,,https://forums.lanik.us/viewforum.php?f=102,,,
RU AdList: Counters,https://easylist-downloads.adblockplus.org/cntblock.txt,https://code.google.com/archive/p/ruadlist/,Blocks most popular internet statistics counters on sites serving Russia.,,,https://forums.lanik.us/viewforum.php?f=102,,,
SA-Blacklist,http://www.sa-blacklist.stearns.org/sa-blacklist/sa-blacklist.current.domains,http://www.sa-blacklist.stearns.org/sa-blacklist/,Blocks spammers.,,,,,wstearns@pobox.com,
Satterly's Adblock Plus Filters,https://satterly.neocities.org/abp_filters.txt,https://satterly.neocities.org/abp_filters.html,"I make supplemental filters in Adblock Plus to block garbage on webpages not blocked by other lists. I use many regular expressions, a few domain filters, but no CSS filters.",https://satterly.neocities.org/abp_filters.html,,,,,
Schack's Adblock Plus List,https://adblock.dk/block.csv,https://henrik.schack.dk/adblock/,"My list removes advertisements from all the leading Danish Websites: Ekstra Bladet, Jyllands Posten, Berlingske, TV / 2, Computerworld, Version2, etc.",https://henrik.schack.dk/adblock/,,,,henrik@schackinger.com,https://www.paypal.me/schack
Schuzak's Universal Filter,http://www.schuzak.jp/other/abp.conf,http://www.schuzak.jp/other/abp.html,Adblock Plus for Japan domestic and Japanese correspondence Universal Filter.,http://www.schuzak.jp/other/abp.html,,,,,
Shopping Whitelist Alaska Airlines,https://www.mileageplanshopping.com/adBlockWhitelist.php,,Whitelists the trackers on the Alaska Airlines shopping portal so that rewards can be credited.,,,,,,
Shopping Whitelist American Airlines,https://www.aadvantageeshopping.com/adBlockWhitelist.php,,Whitelists the trackers on the American Airlines shopping portal so that rewards can be credited.,,,,,,
Shopping Whitelist BarclayCard,https://www.barclaycardrewardsboost.com/adBlockWhitelist.php,,Whitelists the trackers on the BarclayCard shopping portal so that rewards can be credited.,,,,,,
Shopping Whitelist Southwest Airlines,https://rapidrewardsshopping.southwest.com/adBlockWhitelist.php,,Whitelists the trackers on the Southwest Airlines shopping portal so that rewards can be credited.,,,,,,
Shopping Whitelist United Airlines,https://shopping.mileageplus.com/adBlockWhitelist.php,,Whitelists the trackers on the United Airlines shopping portal so that rewards can be credited.,,,,,,
Spam404,https://raw.githubusercontent.com/Dawsey21/Lists/master/adblock-list.txt,http://www.spam404.com/blog/block-online-scams-with-spam404-and-adblock,This filter protects you from online scams. This filter is regularly updated with data collected by Spam404.com.,https://raw.githubusercontent.com/Dawsey21/Lists/master/adblock-list.txt,,,https://github.com/Dawsey21/Lists/issues,admin@spam404.com,
Spam404 Domain Blacklist,https://raw.githubusercontent.com/Dawsey21/Lists/master/main-blacklist.txt,http://www.spam404.com/domain-blacklist.html,The Spam404 domain blacklist is a regularly updated list of abusive domain names.,http://www.spam404.com/domain-blacklist.html,,,https://github.com/Dawsey21/Lists/issues,admin@spam404.com,
SpotifyAds,https://raw.githubusercontent.com/FadeMind/hosts.extras/master/SpotifyAds/hosts,https://github.com/FadeMind/hosts.extras,"Spotify ads sources sites based on <a href=""https://github.com/Xeroday/Spotify-Ad-Blocker"">EZBlocker</a> content.",https://github.com/StevenBlack/hosts,,,https://github.com/FadeMind/hosts.extras/issues,,
Steven Black's Hosts,https://raw.githubusercontent.com/StevenBlack/hosts/master/data/StevenBlack/hosts,https://github.com/StevenBlack/hosts,Hosts contributed by Steven Black.,https://raw.githubusercontent.com/StevenBlack/hosts/master/data/StevenBlack/hosts,,,https://github.com/StevenBlack/hosts/issues,steveb@stevenblack.com,
SVN: Slovenian List,https://raw.githubusercontent.com/betterwebleon/slovenian-list/master/filters.txt,https://github.com/betterwebleon/slovenian-list,"SVN: Slovenian List is regional list primarily for uBlock Origin or uBlock, which consists mostly of static cosmetic filters and a few tracking filters. Among others, there are 100 most popular Slovenian websites included in this list.",https://github.com/betterwebleon/slovenian-list,,,https://github.com/betterwebleon/slovenian-list/issues,betterweb.leon@outlook.com,
The Hosts File Project Adblock Filters,http://hostsfile.mine.nu/downloads/adblock.txt,http://hostsfile.mine.nu/,Blocks advertisements and trackers.,,,,,wduk10@hotmail.com,
The Hosts File Project Hosts,http://hostsfile.mine.nu/hosts0.txt,http://hostsfile.mine.nu/,"Web adverts can be simply blocked by using a specially formatted text file called a Hosts file which is a list myself and numerous others have painstakingly compiled to now over 60000 (verified) known banner advertising companies and providers along with hostile websites that have been discovered (popup providers, spyware, dialers ,scams etc). This file tells your computer to try to and access itself whenever a banner advert is requested from a server that is in its ""black"" list, but instead of contacting the advert server your computer tries to request itself, and as your machine doesn't contain any adverts (if you are not running a web server) nothing will be shown.",http://hostsfile.mine.nu/,,,,wduk10@hotmail.com,
Thoughtconverge's Custom AdBlock Filters,https://raw.githubusercontent.com/thoughtconverge/abf/master/abf.txt,https://github.com/thoughtconverge/abf,Blocks advertisements and trackers.,,,,,,
Tofu Filter,http://tofukko.r.ribbon.to/Adblock_Plus_list.txt,http://tofukko.r.ribbon.to/abp.html,Blocks Japanese regional advertisements and trackers.,,,,,,
Top Cash Back Adblock Whitelist,https://www.topcashback.com/Misc/AdBlockWhiteList.aspx,https://www.topcashback.com/Help/164,"You can leave AdBlock functioning as normal, but the proper tracking of cashback cookies will be allowed on TopCashback and our affiliate network sites only.",https://www.topcashback.com/Help/164,,,,,
Turk-adlist,https://raw.githubusercontent.com/bkrcrc/turk-adlist/master/hosts,https://github.com/bkrcrc/turk-adlist,The ad server for a list of sites to block ads in Turkish.,https://github.com/bkrcrc/turk-adlist,,,https://github.com/bkrcrc/turk-adlist/issues,,
uAssets Badware,https://raw.githubusercontent.com/uBlockOrigin/uAssets/master/filters/badware.txt,https://github.com/uBlockOrigin/uAssets,To block sites known for delivering adware/crapware. For sites documented to put users at risk of installing adware/crapware etc. The purpose is to at least ensure a user is warned of the risks ahead.,https://github.com/uBlockOrigin/uAssets/blob/master/filters/badware.txt,,,https://github.com/uBlockOrigin/uAssets/issues,,
uAssets Experimental,https://raw.githubusercontent.com/uBlockOrigin/uAssets/master/filters/experimental.txt,https://github.com/uBlockOrigin/uAssets,These filters are experimental and may cause breakage. They are being evaluated/fine-tuned for inclusion in the default set of filters.,https://github.com/uBlockOrigin/uAssets/blob/master/filters/experimental.txt,,,https://github.com/uBlockOrigin/uAssets/issues,,
uAssets Filters,https://raw.githubusercontent.com/uBlockOrigin/uAssets/master/filters/filters.txt,https://github.com/uBlockOrigin/uAssets,Filters optimized for uBlock.,https://github.com/uBlockOrigin/uAssets/blob/master/filters/filters.txt,,,https://github.com/uBlockOrigin/uAssets/issues,,
uAssets Privacy,https://raw.githubusercontent.com/uBlockOrigin/uAssets/master/filters/privacy.txt,https://github.com/uBlockOrigin/uAssets,Privacy filters for uBlock Origin.,,,,https://github.com/uBlockOrigin/uAssets/issues,,
uAssets Unbreak,https://raw.githubusercontent.com/uBlockOrigin/uAssets/master/filters/unbreak.txt,https://github.com/uBlockOrigin/uAssets,"Needed to unbreak web sites, mostly because of hosts file-based filters.",https://github.com/uBlockOrigin/uAssets/blob/master/filters/unbreak.txt,,,https://github.com/uBlockOrigin/uAssets/issues,,
uBlock Antiskimming List,https://raw.githubusercontent.com/byaka/ublock-antiskimming-list/master/build/data.txt,https://github.com/byaka/ublock-antiskimming-list,Block sites with skimming scripts.,https://raw.githubusercontent.com/byaka/ublock-antiskimming-list/master/build/data.txt,,,https://github.com/byaka/ublock-antiskimming-list/issues,,
uBlock Filters Plus,https://raw.githubusercontent.com/IDKwhattoputhere/uBlock-Filters-Plus/master/uBlock-Filters-Plus.txt,https://github.com/IDKwhattoputhere/uBlock-Filters-Plus,A filterlist with additional filters for uBlock Origin. Contains filters specific to uBlock Origin (like popunder filters) and some filters that have not yet been added to other filterlists.,https://github.com/IDKwhattoputhere/uBlock-Filters-Plus,,,https://github.com/IDKwhattoputhere/uBlock-Filters-Plus/issues,,
uBlock Polish Filters - Supplement,https://raw.githubusercontent.com/MajkiIT/polish-ads-filter/master/polish-adblock-filters/adblock_ublock.txt,http://www.certyficate.it/,uBlock supplement to Adblock & uBlock Polish Filters.,,,,https://github.com/MajkiIT/polish-ads-filter/issues,errors@certyficate.it,
uBlock Protector List,https://raw.githubusercontent.com/jspenguin2017/uBlockProtector/master/uBlockProtectorList.txt,https://jspenguin2017.github.io/uBlockProtector,"This project was built based on Anti-Adblock Killer (by Reek), but is now significantly different. Anti-Adblock Killer Script was completely re-implemented. Anti-Adblock Killer Filter was mostly copied and concatenated to uBlock Protector List.",https://github.com/jspenguin2017/uBlockProtector,,,https://github.com/jspenguin2017/uBlockProtector/issues,,
uBO-Personal-Filters,https://raw.githubusercontent.com/uBlock-user/uBO-Personal-Filters/master/uPF.txt,https://github.com/uBlock-user/uBO-Personal-Filters,"A filterlist with additional filters for uBlock Origin to block third-party, tracking, annoyances and all other unwarranted resources from loading. Contains filters specific to uBlock Origin and some filters that have not yet been added to other filterlists.",https://github.com/uBlock-user/uBO-Personal-Filters,,,,,
UncheckyAds,https://raw.githubusercontent.com/FadeMind/hosts.extras/master/UncheckyAds/hosts,https://github.com/FadeMind/hosts.extras,"Windows installers ads sources sites based on <a href=""https://unchecky.com/"">Unchecky</a> content.",https://github.com/StevenBlack/hosts,,,https://github.com/FadeMind/hosts.extras/issues,,
Unified Hosts,https://raw.githubusercontent.com/StevenBlack/hosts/master/hosts,https://github.com/StevenBlack/hosts,Extending and consolidating hosts files from a variety of sources,https://github.com/StevenBlack/hosts,,,,,
Unified Hosts + Fakenews,https://raw.githubusercontent.com/StevenBlack/hosts/master/alternates/fakenews/hosts,https://github.com/StevenBlack/hosts,Extending and consolidating hosts files from a variety of sources,https://github.com/StevenBlack/hosts,,,,,
Unified Hosts + Fakenews + Gambling,https://raw.githubusercontent.com/StevenBlack/hosts/master/alternates/fakenews-gambling/hosts,https://github.com/StevenBlack/hosts,Extending and consolidating hosts files from a variety of sources,https://github.com/StevenBlack/hosts,,,,,
Unified Hosts + Fakenews + Gambling + Porn,https://raw.githubusercontent.com/StevenBlack/hosts/master/alternates/fakenews-gambling-porn/hosts,https://github.com/StevenBlack/hosts,Extending and consolidating hosts files from a variety of sources,https://github.com/StevenBlack/hosts,,,,,
Unified Hosts + Fakenews + Gambling + Porn + Social,https://raw.githubusercontent.com/StevenBlack/hosts/master/alternates/fakenews-gambling-porn-social/hosts,https://github.com/StevenBlack/hosts,Extending and consolidating hosts files from a variety of sources,https://github.com/StevenBlack/hosts,,,,,
Unified Hosts + Fakenews + Gambling + Social,https://raw.githubusercontent.com/StevenBlack/hosts/master/alternates/fakenews-gambling-social/hosts,https://github.com/StevenBlack/hosts,Extending and consolidating hosts files from a variety of sources,https://github.com/StevenBlack/hosts,,,,,
Unified Hosts + Fakenews + Porn,https://raw.githubusercontent.com/StevenBlack/hosts/master/alternates/fakenews-porn/hosts,https://github.com/StevenBlack/hosts,Extending and consolidating hosts files from a variety of sources,https://github.com/StevenBlack/hosts,,,,,
Unified Hosts + Fakenews + Porn + Social,https://raw.githubusercontent.com/StevenBlack/hosts/master/alternates/fakenews-porn-social/hosts,https://github.com/StevenBlack/hosts,Extending and consolidating hosts files from a variety of sources,https://github.com/StevenBlack/hosts,,,,,
Unified Hosts + Fakenews + Social,https://raw.githubusercontent.com/StevenBlack/hosts/master/alternates/fakenews-social/hosts,https://github.com/StevenBlack/hosts,Extending and consolidating hosts files from a variety of sources,https://github.com/StevenBlack/hosts,,,,,
Unified Hosts + Gambling,https://raw.githubusercontent.com/StevenBlack/hosts/master/alternates/gambling/hosts,https://github.com/StevenBlack/hosts,Extending and consolidating hosts files from a variety of sources,https://github.com/StevenBlack/hosts,,,,,
Unified Hosts + Gambling + Porn,https://raw.githubusercontent.com/StevenBlack/hosts/master/alternates/gambling-porn/hosts,https://github.com/StevenBlack/hosts,Extending and consolidating hosts files from a variety of sources,https://github.com/StevenBlack/hosts,,,,,
Unified Hosts + Gambling + Porn + Social,https://raw.githubusercontent.com/StevenBlack/hosts/master/alternates/gambling-porn-social/hosts,https://github.com/StevenBlack/hosts,Extending and consolidating hosts files from a variety of sources,https://github.com/StevenBlack/hosts,,,,,
Unified Hosts + Gambling + Social,https://raw.githubusercontent.com/StevenBlack/hosts/master/alternates/gambling-social/hosts,https://github.com/StevenBlack/hosts,Extending and consolidating hosts files from a variety of sources,https://github.com/StevenBlack/hosts,,,,,
Unified Hosts + Porn,https://raw.githubusercontent.com/StevenBlack/hosts/master/alternates/porn/hosts,https://github.com/StevenBlack/hosts,Extending and consolidating hosts files from a variety of sources,https://github.com/StevenBlack/hosts,,,,,
Unified Hosts + Porn + Social,https://raw.githubusercontent.com/StevenBlack/hosts/master/alternates/porn-social/hosts,https://github.com/StevenBlack/hosts,Extending and consolidating hosts files from a variety of sources,https://github.com/StevenBlack/hosts,,,,,
Unified Hosts + Social,https://raw.githubusercontent.com/StevenBlack/hosts/master/alternates/social/hosts,https://github.com/StevenBlack/hosts,Extending and consolidating hosts files from a variety of sources,https://github.com/StevenBlack/hosts,,,,,
Web Annoyances Ultralist,https://raw.githubusercontent.com/yourduskquibbles/webannoyances/master/ultralist.txt,https://github.com/yourduskquibbles/webannoyances,Block annoying web elements and reclaim lost screen real estate to make the web more user friendly!,https://raw.githubusercontent.com/yourduskquibbles/webannoyances/master/ultralist.txt,,,https://github.com/yourduskquibbles/webannoyances/issues,,
Wiltteri,https://raw.githubusercontent.com/wiltteri/subscriptions/master/wiltteri.txt,https://github.com/wiltteri/subscriptions,Finnish supplement list for EasyList.,https://raw.githubusercontent.com/wiltteri/subscriptions/master/wiltteri.txt,,,,,
Wiltteri Reborn,https://raw.githubusercontent.com/wiltteri/subscriptions/master/wiltteri-reborn.txt,https://github.com/wiltteri/subscriptions,Finnish supplement list for EasyList.,https://raw.githubusercontent.com/wiltteri/subscriptions/master/wiltteri-reborn.txt,,,,,
X Files: HWS Harmful WebSites,https://raw.githubusercontent.com/gioxx/xfiles/master/siteblock.txt,http://noads.it/,"The module that serves to protect the user's navigation, seamlessly integrates to subscriptions already installed on your Adblock Plus.",https://github.com/gioxx/xfiles,,https://abpxfiles.uservoice.com/,https://github.com/gioxx/xfiles/issues,,https://paypal.me/gioxx/5
X Files: NoFacebookAds,https://raw.githubusercontent.com/gioxx/xfiles/master/facebook.txt,http://noads.it/,"Born from the need to block advertisements on the increasingly popular social network, this module is a great way to complete the protection offered by Adblock Plus and X Files during daily navigation. It may be associated with the main module of the X-Files or third-party lists.",https://github.com/gioxx/xfiles,,https://abpxfiles.uservoice.com/,https://github.com/gioxx/xfiles/issues,,https://paypal.me/gioxx/5
YousList,https://raw.githubusercontent.com/yous/YousList/master/youslist.txt,https://github.com/yous/YousList,Blocks Korean regional advertisements and trackers.,,,,https://github.com/yous/YousList/issues,,
YouTube: Other Annoyances,https://easylist-downloads.adblockplus.org/yt_annoyances_other.txt,https://youtube.adblockplus.me/,Block only other annoyances.,https://youtube.adblockplus.me/,,,,subscriptionlist@adblockplus.org,https://adblockplus.org/en/donate
YouTube: Pure Video Experience,https://easylist-downloads.adblockplus.org/yt_annoyances_full.txt,https://youtube.adblockplus.me/,Block all YouTube annoyances.,https://youtube.adblockplus.me/,,,,        subscriptionlist@adblockplus.org,https://adblockplus.org/en/donate
YouTube: Remove Comments,https://easylist-downloads.adblockplus.org/yt_annoyances_comments.txt,https://youtube.adblockplus.me/,Block only comments.,https://youtube.adblockplus.me/,,,,subscriptionlist@adblockplus.org,https://adblockplus.org/en/donate
YouTube: Remove Youtube Suggestions,https://easylist-downloads.adblockplus.org/yt_annoyances_suggestions.txt,https://youtube.adblockplus.me/,Block only suggestions.,https://youtube.adblockplus.me/,,,,subscriptionlist@adblockplus.org,https://adblockplus.org/en/donate
